metabolite	PMN_74	PMN_75	PMN_76	PMN_77	PMN_78	PMN_79	PMN_80	PMN_81	PMN_82	PMN_83	PMN_84	PMN_85	PMN_86	PMN_87	PMN_88	PMN_89	PMN_90	PMN_91	PMN_92	PMN_02	PMN_03	PMN_04	PMN_05	PMN_06	PMN_07	PMN_08	PMN_10	PMN_12	PMN_13	PMN_14	PMN_15	PMN_16	PMN_19	PMN_21	PMN_22	PMN_25	PMN_27	PMN_28	PMN_29	PMN_32	PMN_34	PMN_35	PMN_36	PMN_38	PMN_40	PMN_41	PMN_42	PMN_43	PMN_46	PMN_48	PMN_49	PMN_50	PMN_51	PMN_52	PMN_53	PMN_54	PMN_55	PMN_56	PMN_57	PMN_58	PMN_59	PMN_60	PMN_61	PMN_62	PMN_63	PMN_64	PMN_65	PMN_66	PMN_67	PMN_68	PMN_69	PMN_70	PMN_71	PMN_72	PMN_73
1,3/ 2,3-Bisphosphoglycerate	67078.556	110921.25	256690.6	2497939.3	4751703.4	698068.63	343860.38	319970.5	72096.47	4157433.4	1567854.6	1172668.1	2375368.2	25698512	2438643	2005103.3	10083218	8171324.8	15697150	1729310.7	37949867	5790131.5	7113557	426882.72	133967.77	1399848.6	57929.043	934578.14	4342435.6	23820.071	2516314.7	2089735.2	311206.89	2395949.4	355234.83	869273.14	1030133.2	126902.02	8440963.8	916780.57	582020.16	154858.64	23710.505	1.2052792e+09	314754.44	4062496.8	64497.514	1026120.7	571642.34	227758.22	5028283.5	371497.85	23211.624	265305.15	422152.04	762748.31	95663.214	565619.04	625706.2	464457.41	3778.7014	192766.31	6891.4026	90885.826	206351.3	20738.727	968205.71	5578323.7	59037.307	99456.854	1071722	3155035.7	3392.2497	114836.42	49255.853
1-Methylhistidine	46174317	82485492	64850135	35980813	1.3671531e+08	1.6588278e+08	59938165	53586720	1.5071601e+08	1.2441427e+08	1.9440558e+08	55181747	84446872	69410788	1.4052842e+08	1.4148698e+08	55477600	1.0066051e+08	92439818	53497724	1.7519286e+08	75164711	81981118	45890830	96118752	47029547	75845081	26065166	37503763	61996924	39088544	4.0023784e+08	22813261	44422090	1.5305295e+08	95560437	52901079	92970711	36875357	37063817	66862280	45090861	3.4546678e+08	3.8728373e+08	44718004	3.7219177e+08	82277272	1.9600778e+08	1.7047646e+08	65996684	64563875	3.8359623e+08	1.5285238e+08	1.9055033e+08	2.0748712e+08	67750227	1.6584616e+08	30889046	2.3910396e+08	26004310	5.0051279e+08	35090030	38208078	64753301	1.1692819e+08	3.0660563e+08	54743505	74518571	1.1147159e+08	8.0845332e+08	79210648	74824667	1.0947671e+08	1.1200898e+08	74472686
3-Methylhistidine	5680952.8	32381514	94693846	5005043.2	18656669	1.355801e+08	12960578	4876597.4	2.697154e+08	3.8499857e+08	87133623	40751039	7608427.4	17835635	87334696	1.1692461e+08	19649848	18552100	2.0378273e+08	21260702	1.5602186e+08	1.0073807e+08	30525588	56277315	1.2037151e+08	5240110.8	1.045888e+08	50893865	1.5784607e+08	75038760	47897196	96777876	2804035.9	11222776	2.2406415e+08	1.5145759e+08	1.780982e+08	6652824.2	43815716	16200436	54964893	31130965	1.3085587e+08	9.3192032e+08	6805396.6	6.8225365e+08	1.2423626e+08	2.0923202e+08	31113454	20933179	4379661.8	76818592	5929522.2	43113807	19034763	2.7191574e+08	11208018	42760286	12173115	3901565.5	19275135	10911485	15061117	1571582.8	5598456.5	10168014	3804843.1	6931775.6	2528318.6	1.5928293e+08	7029294.9	7516942.4	19106887	15961947	6481124.1
2-/3-Phosphoglycerate	2202881.5	16309186	8835056.9	6951401.7	5773751.4	3675640.1	5782527.5	10410848	11313540	5536252.1	15457906	11338593	6279627.1	15092525	13169455	15724976	12361212	6729274.7	6905517.1	21741729	22244181	21304611	43798997	13996773	7891997.5	12169770	15434192	10355118	17576860	9280180.6	7109456.7	28300569	5711009.6	32300406	6393222.3	6505926.3	13597414	6851198	25050126	13288268	9383418.7	10650318	9825431.2	75650340	13610117	18120823	8439556.7	10068785	13230549	4023586.8	41606598	7328148.2	7699408.4	8127620.8	5270912	7848646.9	8557952.3	11037041	5774388.5	14881898	16170041	41241103	6320001	9146275.1	11024711	17774289	10579775	7852182.5	8955219	8535543.8	8772410.3	33576167	11093463	11483152	4420363.8
2-Hydroxybutyrate	6355155.2	28185102	158560.26	170821.36	1887084.6	5251303.4	159175.82	337044.79	235321.35	132538.2	76071495	255484.88	1053261.7	2441049.7	1580576.4	145908.45	4589008.7	2375192.6	2223107.2	5370694.1	1559171.7	187134.48	208251.68	189102.54	5825230.5	3925919.2	2439513.3	2325657	2083076.6	3917104.1	3901935.3	1855959.7	11691988	3174434.8	5719689.6	5882948.2	9642387.3	4761445.5	9074389.1	257285.2	145834.19	311654.55	315578.46	1653047.7	1531901.2	3145174.8	368266.16	204489.74	1187568.5	207345.2	248467.43	198543.25	2339272.1	305508.98	2376649.2	1655551.1	248292.5	258884.42	247408.95	164596.09	1498881.3	3989376.9	7790558.6	3642722.9	4345327.7	236828.68	1198947.4	217882.11	3373834.6	225112.35	264701.4	208398.29	1242995.7	252282.72	1110491.4
2-Hydroxyglutarate	2.6689804e+08	1.1865501e+08	78739131	81269452	61811091	2.6478138e+08	62344352	1.0957825e+08	72301160	1.2189924e+08	1.159723e+08	1.1894787e+08	1.1763398e+08	1.4577735e+08	1.4493435e+08	1.0637939e+08	1.0059959e+08	57166299	99614983	59888301	1.532989e+08	1.1704765e+08	1.523835e+08	1.0800328e+08	1.5534009e+08	60727877	82131904	78895911	1.0914347e+08	1.9731912e+08	1.0604989e+08	1.2321719e+08	2.7785462e+08	1.3068267e+08	1.1353702e+08	1.2130214e+08	2.0462215e+08	51313320	76644733	59683217	99398647	69482157	3.5921105e+08	65379239	1.0083597e+08	45126889	2.372962e+08	1.0057289e+08	92685497	87372357	99504346	88974790	1.4613839e+08	1.8492215e+08	1.3483889e+08	1.8931374e+08	1.2808029e+08	1.233306e+08	1.1706181e+08	1.7105812e+08	81395816	61658864	1.0770638e+08	1.0665766e+08	77138606	1.3430018e+08	1.2488774e+08	26830355	1.6226604e+08	1.0142619e+08	1.6279002e+08	1.6593331e+08	68185243	2.6880828e+08	60126359
2-Mannosyl-3-phosphoglycerate	5.6855138e+08	74933299	5207213.6	1634646.8	37573858	59061522	3.445104e+08	9628216.1	3668659.1	6864276.1	33687248	4937667.3	3556028.1	5528960.9	6172044.8	1285885.8	10705519	20646940	5046744.7	1630522.8	5236828.2	5760611.2	7170008	1695695.5	13209184	3356065.9	2538667.6	2747153	2001526	2440060.6	3454336.1	5422560.1	503354.27	2735116.3	355932.09	2084323.9	8731935.3	5026925.6	11309579	11338510	17517271	2614252.8	1105612.2	13350823	4009001.5	1470538.7	537960.01	2333115.4	2066118.9	6676182	2195345.7	1260329.9	8631895.3	2536997	13230549	10689668	4694801.3	4224809.4	4541227.9	674806.49	2419543.3	1307986.9	1136824.4	4549043.5	1410204.7	7881275.4	7289085.3	7888676	5306648.8	6829372.3	7304856.7	1007805.6	6446704.2	5140223.7	38601278
2-Methylmaleate	16951900	17017679	21120915	9306499.9	20836640	20726148	8765805.3	10401480	17793530	23377276	32880949	11678066	9584212.8	17148052	25973112	15669016	24446246	14150933	13976781	18809692	20433890	24692101	15459340	8362598.2	17492983	23958804	15733907	15365446	12378026	9798502.3	13039710	8610388.2	9148046	8047504.3	13080188	12299880	9470921.3	19511593	31336489	11761067	17026661	10720003	739336.64	24850880	6373332	29822084	7861045.7	16661450	19370192	7809036.1	20799241	8745982.2	18697840	11970949	13328113	10290787	4833195.6	13053140	8197418.2	3436224.6	8305521.8	10576425	5633328.1	11437957	6882534.2	11010101	9749438.5	7449397.7	17516472	5255237.1	13927416	9566492.6	13885572	2955237.4	11675281
β-Hydroxycarnitine (14:0)	3693630.6	5734517.4	7384442.1	12358233	11488172	6923920.6	7684555.8	5752802.8	9070806.8	8743508.5	8624420.8	5280800.3	11665989	7419708.3	7874918	8820138.6	4318862.4	9236749.2	9437470.5	4090903.5	14406698	4817629.3	5481350	7426752.4	6883871.4	8622605.4	4262382.3	5659384.6	9943249.6	11681221	8076905	3942124.8	6151956	5637254.6	11038593	6611013.5	5694454.7	13399866	2718268.6	4795025.5	8394810.1	6246382.2	3137472.7	4801705.2	11944313	11467651	17040021	9710582.1	8379651.9	5805252.3	5209228	9664164.9	10757258	9170250.4	7688122.6	22906161	13581092	12456556	10687899	27128612	6650274.2	7178294.1	9068957.5	6841075.7	13230549	13432622	13639109	9811932.9	8247546.6	23689055	7565892.3	21129586	8332734.7	11382166	4945885
β-Hydroxycarnitine (16:0)	2236287.2	2870392.8	5108058.3	13252389	8028945.1	4590260.8	9710818.4	4282435.1	6250600.6	3831575.6	6402694.5	3169031	5111212.2	4439734.3	4231467.8	4822011.9	3060789.5	7982899.3	6438407.2	2800635.2	9996151.4	2836288.3	4207307.4	5023653.3	3370454.2	4938588	3540824.2	3587223.2	7833991	6649954.4	5548147.6	2911331.5	3772280.2	6138425.4	6849152.3	5183798	4467416.1	6704089	3291570.7	4553795.7	7266016.4	6243414.6	4708758.7	2838900.1	10610345	5658780.1	8418857.8	9026090.5	7231471.5	3736298.9	3138084.2	7187570.2	13230549	7031342.5	7472460.5	20962533	12792001	7246921.8	6941931.7	36393733	7877178.1	3725693.4	6846631.1	5392848.9	8392356.4	13230549	9281228.2	8969226.2	9035992.6	12349972	8687538	10743311	9199093.3	7830599	3265156.6
β-Hydroxycarnitine (4:0)	49207180	1.6224922e+08	1.0456762e+08	1.0207206e+08	83464564	63774938	98241028	76890529	56358959	86721804	60009706	52851440	1.065957e+08	1.3855234e+08	1.1240221e+08	1.0754005e+08	64448211	66978845	1.8541318e+08	48439685	1.0261512e+08	40994814	67810951	2.0896205e+08	57795138	1.4941593e+08	71797051	85391865	79332069	73900540	82228993	69284881	1.1102675e+08	1.0691721e+08	1.2759574e+08	71962288	1.4989621e+08	1.2203562e+08	65858590	44521483	1.7974279e+08	65033212	1.3269287e+08	50668227	2.0822432e+08	1.5697621e+08	40712080	1.360368e+08	1.0274121e+08	1.0119417e+08	64258409	85758683	1.6608404e+08	1.0621878e+08	1.5764324e+08	1.1055201e+08	2.1691158e+08	1.3961039e+08	1.2936464e+08	2.1949295e+08	1.4494681e+08	44935505	41166077	1.3523838e+08	80097370	1.5407567e+08	1.0474402e+08	1.5935309e+08	2.5118553e+08	3.0811205e+08	2.1483878e+08	1.1409945e+08	1.5899484e+08	2.4842652e+08	92141252
β-Hydroxycarnitine (5:0)	9448507	9207902.8	7914665.1	16044079	16524238	20289209	14146947	4686163.3	12889438	12866546	7851867	9639144.3	7910896.2	22834238	8266086.8	13566742	9500901.5	17473374	22697184	18571761	41239187	16720046	11401367	8671748.4	37058055	56718056	12048504	10243936	5494470.1	4605682	8359777.4	11253893	47493034	1.2369165e+08	31294959	13230549	25386295	38553977	10177543	3430611.8	12751877	11035299	5551470	40654653	8367176.3	25583211	8195853.1	17093084	24618564	6980271.5	12836441	21349006	12406338	15702312	18454282	12707428	31054707	11605544	26082716	6818962.7	12568259	60707686	12623962	2978620.2	21272385	12049491	11980650	14902393	22889492	45381682	12520908	13853024	11471716	45043846	12759523
β-Hydroxycarnitine (6:0)	4577736.4	4926298.7	6955068.2	5180451.3	7136736.6	4204606.7	4769872.4	6589601.2	9442568.5	7084525.9	1952403.4	3320234.5	8869336.9	8088585	5535611.9	5331720.8	2812279.5	3395150.6	5105881.7	7164933.8	17122097	4283952.3	9338258.4	9655833	6372338.4	8522822.6	6008892.3	8271279.1	7998241.8	8255130.8	10054035	4730401.7	8260454.7	8581950.2	12949100	8402424.1	6911850.2	17346910	3064539.3	6623420	9193601	4642192.8	12499756	7251467.4	11076549	15104363	7912136.9	11274842	10610076	6670979.2	10581414	16432072	10059332	7603150	11850264	11570264	22604442	18062774	19509688	11337600	23409900	8413273.9	10081176	3153528.4	13370482	15240087	14460343	13230549	9497954.1	42408908	8451240.7	20913386	15018587	21914252	7669008
β-Hydroxycarnitine (8:0)	6140744.3	10327826	7502895.9	18713381	12639788	6845555.8	7291025.5	6956735	8608646.3	11210824	11996498	5728417.4	12144401	10338515	8951461	11370562	4777898.9	9366445.7	17556471	4107020.5	13382903	4279529.8	7875791.5	8078125	4327080.4	9536820.6	4931192.3	6501237.7	6783289.4	15498728	9409041.2	3720239.4	5137672.2	9542493.1	11318808	9510019.8	11276782	6565514.2	1806385.4	6114163	1954321.1	6424158.7	9834525.3	4070959	10370873	12320241	11936051	11485364	7693398.1	4306256.6	6089353	14700705	6847414.6	5927715.6	7899465.4	8727169.1	21965079	13665346	7910993.7	31727321	11788920	6541915.3	8601453.6	621159.92	18328819	21406390	18858617	13729066	9946108.9	16711618	23695537	14794446	12133107	14431805	13488173
3-Hydroxymethylglutarate	19581678	11709045	7107035.4	440739.53	7835279.1	13230549	4513860.8	7433677.2	8240986.2	8117325	16684447	6485842.6	8715437.1	9712018.5	9604886.1	9255395.7	8709569.7	5846108.5	8258530.9	7581345.8	11769409	5046986.3	5686027.2	8257942.9	9906342.4	9900957	5454115.5	11412671	7702368.4	6872228.6	7284250	20617515	13636245	8198340.1	8573149.1	6559722.5	9793709.7	7752316.9	8869413.6	5101881.4	11949897	7868336.8	12605515	6906074.9	8630087.9	6705209.5	14500023	11471917	10415823	13230549	11562188	6804488.3	11154568	8449343	7107061.7	4880632.7	36535661	9326619.8	3499184.3	5330632.8	6738317.8	16215611	15206303	9493758.3	4859692.1	7648100.7	16622307	7766839.6	21870901	580816.78	5002279.3	8795797.1	8344012.7	11961067	5321812.1
3-Hydroxypyruvate	378932.7	762964.15	1897671.3	1100826.7	3187816.3	3253470	507047	1398089.8	1635537.2	4336365.6	1372597	1838853.8	4186066.9	2840667.4	2713620.2	3251957.7	2582587	3560861.3	6044852.9	635290.1	3190237.5	2034924.6	1067662.8	1690391	2355520.8	1248435.3	1743277.1	2459068.4	1106540.8	1722215.2	1901472.6	688695.36	1705233	1547868.1	2046337.2	1044713.3	1708095.5	1513367.7	2517123.4	1690713.4	2504847.2	2045652.4	1403063.1	3942460.9	1070823.5	2780454.6	1448670.6	3456526.9	3184508.8	1351583	1087099.1	1188122.1	1075081.7	190764	715610.34	1265453.2	757191.38	1839394	1185736.6	1302760.3	847443.4	2188151.2	777810.91	1040133.5	779543.97	820303.07	1635158.3	2358714	1034611.1	491098.26	1675628	2233098.4	1127847.3	1071055.3	1513424.7
3-Methyl-2-oxovalerate	28063527	2.4872271e+08	40264733	13384022	52313673	11202389	21024633	26123132	19095254	43292008	6.0441227e+08	14583240	26566153	77127702	43050682	45484804	72056660	18558083	46386202	1.5485581e+08	47073779	1.621119e+08	39931165	86674172	1.4475368e+08	1.4250145e+08	59727136	21439343	78616472	1.0725137e+08	1.1818174e+08	57860796	2.8948712e+08	93222874	1.0231341e+08	89476277	1.8531443e+08	1.1664473e+08	1.5427142e+08	28825200	91854370	31218850	22264522	24849417	25896480	85026651	26902466	62791667	28493330	39524299	48993798	10046492	53579059	40733507	70193603	47422029	46730268	31164987	18049565	70868042	35968265	85824732	52845599	43883015	59228206	33585503	40644555	26515830	82660887	19709813	79474787	30422547	50987822	23367916	30606681
4alpha-Hydroxyformyl-4beta-methyl-5alpha-cholest-8-en-3beta-ol	2446793.4	1964406.3	3211872.8	4295216.1	4605818.5	5563131.6	6126979.5	1799315.3	6699341.3	3609638.4	2464934.6	3015902.9	17822311	11545161	4915482	5221725.4	3150734.6	4980425.2	9083271.9	5070212.6	2688830	1003249.7	7456603.2	3576327.2	1052103.3	1322551.5	5405561.8	3995274.1	1705452.7	3351907.3	980560.68	1610733.8	5394358.6	5489119.1	3361305.6	2551239.3	1796938.3	1717881.2	1853395.6	1427786.3	3433219.5	15625749	5398635.7	4402413.8	2567945.4	3736442.5	4713106.4	12277194	10213132	886929.41	3000362.2	1006444.2	551338.71	934218.33	1176735.2	849379.8	1610733.1	3778001.7	608826.47	3114428.1	1188745	13906665	3456149.2	553221.75	1696138.6	474376.51	2155423.3	4553612.3	1452040.7	524909.33	3872598.1	24657142	2718816.6	5600132	1833372.5
4-Guanidinobutanoate	42362764	14615606	13658576	49275835	5876705	25186635	8463989.7	11762107	5178691	2314055	21794342	15813678	8725475.3	2902546.2	16908359	13894099	4843425.9	29247862	8711736.4	2671828.9	2969250.6	9395525.3	443324.63	29297192	6802381.2	391951.34	5177754.7	7303496	13802401	33987865	10616714	2302130	2624016.2	335152.79	3452217	3654983.9	5273626.9	12531105	283243.17	4812551	590525.8	3626354.9	9477511.2	351495.62	3375250.2	1281651.6	10630583	3162020.2	1023476.9	3036973.3	67070.14	17697599	3359701.2	8596945.1	67148415	7721110.9	7541784.6	5940155.5	2299177.6	4042688.7	7096640	817862.29	16920962	4867699.2	12252466	8922919.5	6924511.4	2163845.7	3831967.2	33755260	9007514.6	2761893.2	10938235	4809213.9	1033204.7
4-Guanidinobutyric acid	2205759.5	15736858	7061515.1	7194111.1	27057808	12005271	4160893.3	29368100	9796602.9	834065.49	10653745	22261449	4330843.6	1191561.5	8135028.8	6286170.5	2001924.6	19690831	5052590.6	3331086	771665.83	5163502.4	393159.56	15561878	9194163	317225.49	9311365.9	12814827	8891837.5	63731890	16708002	1673942.1	5422930.3	277725.29	7815718.7	10229355	6965383	18243289	143525.61	5978218.3	275321.22	4375092	50412358	577629.73	16314330	222521.25	11409261	4256529.9	13573487	2308540.8	6494996.9	7400508.8	10619628	11831224	1853757.8	16458865	2524053.8	225576.65	23953067	1673225.7	13390214	1.2958137e+08	12210194	3036827.5	4923550.8	8025055.6	1067722.9	40079370	4784107	13076644	7944446.5	1714979	13113582	5861981.8	626723.05
5-Aminolevulinate	15501698	6.6336861e+08	16019490	13246319	24743793	26410627	42777072	17666473	31081711	5074124.6	1.3459377e+09	13230549	7974846.5	8305483.5	6543932.4	9988599.3	5013021.5	18395923	13740532	13631613	8927348.5	26390159	18396514	24328460	21384015	13732750	16423844	12256565	21095819	17952582	7389697.7	24246677	10270970	33660941	15571781	22148901	14714854	26750927	9240810.9	30092828	29520469	28882698	33005105	5305861.5	10665720	31672179	39711032	18318663	6348248.4	29155108	12153004	26303293	10423940	4775596.8	25801121	5601182.9	8428557.3	6490009.4	17020144	6748414.7	10714741	28173234	16183671	8176201	17894928	28994829	8231424.7	10392035	20414585	18265633	80631519	10919695	7119865	4819573.7	67908504
5-Glutamyltaurine	680908.37	2135716.5	637071.48	992291.19	487040.54	960421.65	1772232.3	2610497.8	4100903.5	834065.49	451217.43	2597169	1691735.8	1261653.3	1288046.2	1130098.1	690318.83	1102686.6	721798.66	1396907	1440442.9	1087053.1	776238.11	2563132.8	2896791.1	1432631.3	1224508.4	3399852.1	493092.81	4710618	2506200.4	237875.98	2248532.1	599886.62	2013139.7	3527363.8	1418874.3	2432438.6	633201.2	386093.26	917737.4	1961248.1	4277412.2	1925432.4	3411178	396668.31	2495775.8	3068661.1	1176368.9	873230.63	2405554.4	730439.83	2907755.2	2809915.8	628217.91	952881.63	1069718	4010251.5	1916245.3	876451.54	2434584.4	3470929.5	4218067.1	1735330	1057651.6	2407516.7	757738.81	1793024.5	810865.59	2942244.8	1242921.5	1210573.4	2513436.5	4030112.5	1479762.8
6-Phosphogluconate	28671469	11610254	4203541.1	4031303.1	4931938.6	574191.68	20688121	534507.82	632684.88	2072205.7	2246905.4	348297.45	1451803.6	2506448.2	3971259.4	3084479.5	5970348	1600647	1296339.2	1569481.3	3221738.9	1924933.6	1412957.1	679597.55	337424.45	683731.03	723849.32	142072.89	407230.65	107750.3	80956.334	575043.67	64447.545	604882.08	128656.44	110775.01	663677.63	432832.1	1784376.9	1025832.2	1341889.1	179479.79	21348.549	16344856	583044.57	1000184	42282.524	382532.4	574329.24	133811.68	756355.64	437661.1	296676.72	649270.02	1058899.5	937481.57	300227.33	317613.88	382493.92	1216055.1	497918.8	48979.512	509971.42	349913.91	1020554.3	359017.41	213531.06	436227.23	2692820.4	665712.25	534940.88	580270.25	729736.99	2300546.8	3537008.9
6-Phosphonogluconolactone	8279368.3	3297244.6	1189535.8	948186.53	1311411.7	4321.1563	7518844	8808.9191	84591.794	498058.58	242554.17	6677.2894	207324.46	467736.64	1201135.6	858838.09	1606942.7	269571.58	24123.8	296317.75	808296.29	339213.62	47645.288	4942.337	6799.9954	5524.9158	6886.6786	7060.0204	4364.3353	7480.2868	6443.4101	30372.163	7141.1712	5997.8375	6393.5823	9522.2492	6964.1886	6566.458	397791.76	33621.711	172506.64	8145.3259	8247.8803	441576.06	44463.42	126228.75	9624.913	5344.493	40202.566	5419.1228	6493.8831	32633.75	6825.7329	7984.707	229303.37	183593.14	76745.834	6766.139	6466.219	239061.52	79349.874	12493.203	11986.135	7807.6459	102866.87	6189.6956	6198.6181	5694.5128	710620.65	5883.4806	6918.1701	5446.6461	74947.826	516530.04	886287.34
Acetylarginine	67131.811	1236467.4	1611867.6	355571.01	1136427.9	1760773	631839.35	3915746.6	3417419.6	134733.66	3008116.2	2968193.2	236843.01	140183.7	372855.49	134199.15	110451.01	228413.64	72179.866	279381.4	72022.144	99646.538	27218.739	1281566.4	1095742.7	63445.098	229595.32	771504.89	26675.513	3602237.3	1670800.2	158583.99	8861861.7	106646.51	6394.6789	2998259.3	1160897.2	3040548.2	202624.39	323820.16	91773.74	3922496.2	1084629.5	618165.15	3262866	40634.314	196096.67	3563606.4	5338904.9	853156.37	938166.22	1441657.6	3034179.4	236624.49	1235838.5	1126132.8	180289.56	107775.51	179648	1434193.4	8764503.8	671046.37	377406.01	1735330	656473.43	504432.07	6199.6812	4007937	1702817.7	958953.87	1101971.6	494317.46	338767.52	1135759	443928.83
acetylcarnitine	354839.57	955452.11	1074578.4	181920.05	1298774.8	472207.31	631839.35	5220995.5	1822623.8	160397.21	620423.96	1731446	277444.67	238312.3	616906.35	409660.55	372772.17	267795.31	281501.48	1181998.2	252077.5	344233.5	927453.33	823864.12	2518948.8	665150.23	2423506.2	2222980.2	161669.77	3879332.4	1193428.7	722438.16	4100264.4	833175.86	2013139.7	1710771.5	1186694.9	2067572.8	354592.67	871823.5	367094.96	1810382.9	244423.55	719503.7	4004426.4	30959.478	1105272.1	1187868.8	904899.13	1204456	865999.58	691995.63	594193.46	591561.22	319258.28	23388.913	408656.33	589005.69	790451.2	557741.89	693856.55	1781743.8	1021216.3	347066	620002.69	6190.7572	2525796	854323.42	429758.76	163458.05	179390.73	76669.648	524543.26	415223.71	435224.34
Acetylcholine	6.5602741e+08	6.1914642e+08	1.0833462e+09	8.1747539e+08	5.316563e+08	6.8076396e+08	5.9573793e+08	1.4762668e+09	1.3901591e+09	8.7431503e+08	9.5952322e+08	8.0084172e+08	6.5076754e+08	8.5812792e+08	8.3380307e+08	6.2668285e+08	4.1367103e+08	4.4829273e+08	9.6958216e+08	5.2793334e+08	8.5584753e+08	8.0677891e+08	5.580205e+08	1.1455127e+09	8.2621175e+08	6.9176243e+08	1.2061372e+09	1.1767443e+09	1.5973836e+09	1.3918575e+09	1.2247616e+09	7.1320522e+08	7.3829583e+08	8.1149532e+08	1.2811879e+09	1.5983939e+09	1.1468894e+09	1.2790074e+08	4.8843519e+08	7.6909543e+08	7.8187357e+08	9.5573412e+08	2.1133808e+09	1.2357083e+09	1.2114581e+09	9.0168629e+08	1.6019958e+09	8.9365101e+08	6.133368e+08	9.0884681e+08	1.0279165e+09	8.8247113e+08	1.3036512e+09	1.513926e+09	1.0819783e+09	1.7312671e+09	2.0657492e+09	1.5290085e+09	2.2796256e+09	1.5637986e+09	2.3170967e+09	7.1161613e+08	8.7862723e+08	7.7826547e+08	2.2422369e+09	1.0133917e+09	1.152032e+09	1.5225952e+09	2.9971671e+08	2.5371851e+09	1.7949506e+09	1.2372996e+09	1.9339478e+09	1.7364688e+09	9.1464823e+08
Acetyl-CoA	14449.854	1382933.4	225033.66	150687.69	8153.7189	1185739.4	11609.832	1275627.9	176914.7	348132.88	957348.83	18634.342	1309419	571146.57	572662.19	693768.48	1053068.6	745632.34	1840617	199318.53	195081.32	13649.057	15189.286	1208913.5	18976.778	625675.02	19218.685	200449.96	583571.59	233865.85	598909.57	13274.554	388609.05	394659.81	501100.01	1127970.4	673593.31	18325.044	255529.67	196429.57	10636.732	22731.198	1295161.7	3011868.9	22346.509	14577.289	215204.33	299537.47	235076.35	384109.73	200052.98	294476.24	714250.89	570236.24	585523.71	13052.07	211899.26	18882.294	409281.12	463437.13	267525.67	203758.58	33449.761	618610.28	325833.68	235202.88	521093.89	15891.702	12217.49	99015.049	1177331.3	365985.59	16465.435	185782.13	65576.2
Adenosine	90034539	65452428	55440933	21397584	32148139	27463838	12775310	22427786	53366824	57996263	69540557	36004882	16754177	30113527	25654125	41206698	73535363	28971135	15305921	41284617	35567279	31113758	87504137	20540533	38168828	23467362	46689106	24787710	48644976	36284541	15161581	10309846	13186900	24556861	18948218	38492968	29427153	8901614.8	24725750	15051445	10893363	23993707	32727251	2895589.9	20914118	6015138.2	40434525	13230549	5341207.8	3483019.9	65187208	13931692	29227026	13230549	18799472	15582333	47192621	80067202	16271522	43651590	40460820	13716137	39086852	9101426.9	21324238	22623393	24926528	37139134	15848773	25088419	13949688	11397710	31525588	32684822	37827328
Adenosine cyclic phosphate	691827.99	515036.79	598951.56	559122.81	685371.09	1688759.9	244918.32	710900.79	464694.38	901684.83	361798.13	636330.13	1008378.1	969959.18	811016.33	930860.77	512233.77	415097.44	561025.96	395995.06	538175.53	102204.5	511342.8	730366.19	469933.22	102001.51	239741.28	289810.54	263229.48	578928.87	336974.06	78506.819	9369.2998	102192.55	273293.06	223585.95	425924.48	374390.74	738353.85	136462.85	462734.77	204212.75	279149.48	7178.4661	174692.9	286456.45	291770.42	370996.27	88125.994	155060.67	288072.01	107358.43	372786.78	309103.1	185344.63	625492.33	64184.971	693359.97	460022.96	144136.67	123469.86	16391.228	164148.5	331978.56	64586.479	483458.16	178829.64	39578.413	100350.54	221551.67	86816.678	225998.21	523978.98	192964.02	202700.37
Adenosine diphosphate	5.359794e+08	1.366355e+08	1.8291082e+08	1.5189961e+08	2.6196569e+08	1.8159099e+08	1.9662291e+08	1.2712522e+08	1.4615031e+08	2.1214528e+08	1.5973953e+08	2.0306976e+08	1.8020442e+08	2.7250863e+08	1.9424753e+08	1.8587249e+08	2.570896e+08	1.2250968e+08	1.6841921e+08	2.1907989e+08	4.0796802e+08	2.0855009e+08	2.2585966e+08	1.532071e+08	1.9821414e+08	1.9480319e+08	1.9309196e+08	1.552597e+08	1.572709e+08	1.3598555e+08	1.3420698e+08	95997558	1.2199091e+08	1.3604129e+08	1.3245528e+08	1.3967969e+08	1.0498197e+08	1.9023058e+08	2.3865238e+08	1.7546671e+08	2.1264935e+08	97750018	1.0795455e+08	3.1936984e+08	1.0449939e+08	2.15821e+08	1.6041246e+08	1.5919382e+08	1.0146734e+08	86622179	2.2436858e+08	1.1966885e+08	1.6263387e+08	1.2247623e+08	2.3731298e+08	1.9392688e+08	71251069	1.9146831e+08	1.4733251e+08	71036123	53701101	54106420	1.4322834e+08	1.4048608e+08	1.6793478e+08	59640048	1.1058429e+08	1.0225153e+08	1.0955818e+08	2.158769e+08	74970803	1.7770646e+08	1.5070634e+08	1.9063845e+08	2.9122956e+08
Adenosine monophosphate	4.3127266e+08	26858541	66212968	61761214	68685148	63267293	87298947	1.3352967e+08	88583628	53646730	21894500	94955807	53154660	49579209	41262610	56762519	69096574	36150539	46235656	71643314	80254656	91794858	2.3933668e+08	55768186	1.2779653e+08	70550929	1.1188822e+08	1.2275719e+08	50891766	71073426	82050170	92475021	71717815	1.1449849e+08	81567549	94346702	1.3087662e+08	74691127	1.214775e+08	1.2890768e+08	77302323	98289458	1.5169262e+08	1.3106704e+08	93528289	87803561	1.1091172e+08	96613831	61092761	97166794	66524592	92657833	62299028	71529243	1.0650966e+08	61384231	72388618	1.0355604e+08	90770795	43103103	58573404	1.4167001e+08	1.6517855e+08	90154062	1.6805611e+08	83817013	1.3306739e+08	1.0885689e+08	54677411	1.5789093e+08	91905043	1.018948e+08	1.2069157e+08	1.2688192e+08	3.9201344e+08
Adenosine triphosphate	5.8419096e+08	8.7997719e+08	8.3779405e+08	6.8241559e+08	9.6649224e+08	9.2451784e+08	5.1777728e+08	1.0804938e+09	9.8366579e+08	1.0036467e+09	1.3420233e+09	1.0719609e+09	7.3603165e+08	1.3866311e+09	1.464642e+09	9.5828055e+08	1.1450623e+09	8.4215219e+08	8.9384098e+08	8.8822319e+08	1.6601672e+09	1.1360152e+09	5.5643713e+08	7.3081825e+08	7.3691215e+08	1.2039446e+09	5.3988411e+08	7.6765899e+08	1.1993814e+09	8.1430495e+08	1.1651774e+09	5.4060006e+08	6.5148025e+08	5.2151177e+08	5.7355415e+08	1.0718943e+09	8.8842523e+08	1.0820329e+09	9.2454189e+08	7.904119e+08	9.0676673e+08	4.8729204e+08	6.5854092e+08	1.2905191e+09	7.3805466e+08	1.1004481e+09	8.8447385e+08	4.7578976e+08	5.8640721e+08	7.1989289e+08	1.0939533e+09	4.9396485e+08	1.108238e+09	1.1004914e+09	8.9821959e+08	1.2160399e+09	7.913232e+08	1.0640668e+09	9.6268346e+08	4.4451319e+08	3.0753556e+08	34355612	4.4375741e+08	1.1041909e+09	9.5017368e+08	3.9681414e+08	8.2991633e+08	5.0435072e+08	4.3622228e+08	1.1193825e+09	6.0165279e+08	5.7560647e+08	2.8946927e+08	6.7497674e+08	1.71691e+08
ADP-ribose	3806317.6	85997.311	1629472	404968.94	639722.29	332117.85	4321865.5	523435.1	456678	809583.95	31889.347	828649.39	560341.16	877273.92	652754.77	1086787.4	963348.68	299447.7	596491.75	1037926.4	479796.76	1503846.4	1681487	1094552.2	773655.95	591563.46	1636744.8	1031142.5	873992.61	485721.29	693541.56	954519.62	276736.64	819254.36	597266.69	1113926.2	1149561	211028.39	1810824.1	1065714.7	456341.36	921813.46	1879650.8	791944.72	963454.52	698527.33	136799.02	918626.85	533431.32	479772.49	1595494.5	1411172.1	530562.19	463405.81	1361862.1	560075.69	2332396.4	1161690.1	1511147.7	1957501.1	912203.93	590952.56	564816.59	883760.35	1723053.6	1731234.1	1553898.7	1445467.5	1399396.9	866218.56	1927051.3	1720594.3	1514239.9	3301890.1	4673868.6
AICAR	2340.4815	1371.6235	1873.2035	24845.518	15153.782	17566.894	78671.418	24877.539	18941.661	1565.7834	17669.396	28297.667	17924.937	1710.5762	1654.4466	24894.783	1684.7079	1922.2016	1761.5337	23456.447	1255.489	18952.484	91385.247	30693.716	90320.378	32495.719	100935.49	132833.93	70277.595	61829.212	57613.34	84219.793	232241	65420.129	232898.55	4304.2269	22395.849	277279.89	79390.244	3039.523	22448.187	3681.833	503938.28	361058.88	222671.56	2361.1226	37321.671	260655.37	2208.3864	2449.5404	67121.142	546231.1	17692.129	3609.2304	213016.49	2114.0788	83800.391	355379.17	14614.233	1944.5097	17421.366	5647.1514	5417.9474	3529.1956	4450.3027	23237.264	17990.25	1006894.6	25594.691	2659.4384	131676.55	2461.9814	21103.429	18706.178	2124.3108
Ala-Leu	26538597	1401719	1143822	1276596.8	1877829.2	819182.04	8725966.5	1659900.7	1059259.3	1120660.5	1373886.8	1441255.1	1753689.1	2021551.6	1257616.6	1331847.8	1531079	693831.65	699584.29	2408400.6	8263483.9	2561862.3	3210079.5	2101567.6	1904564.6	2729982.5	3154621.4	1832483.7	1127458	1979212.3	1569927.6	2235205	1432521.8	1477329.8	1729545	1262031	1671229.4	1499046.1	1667476.4	1772542	1736243.7	1100583.6	952458.09	1648379.4	963822.87	2127135.2	664923.16	1996575.5	844838.08	1000833.8	1585299.6	1374799.8	1132934.3	956087.16	1622175.9	1564806.9	1931744.3	1677880.1	1336721.6	1178829.2	1272285.9	1614863.4	1312756.6	917296.88	1843812.3	947889.76	859460.77	713686.59	1466624.1	1283576.5	780226.65	1098751.5	1000924.2	1712450.9	6589759.5
Alanine	3.2800544e+08	2.3524166e+08	2.9186102e+08	2.7550659e+08	2.0665332e+08	2.7143841e+08	1.9100819e+08	4.2319843e+08	2.971094e+08	2.5923538e+08	2.4747053e+08	4.5587704e+08	3.169918e+08	3.3118296e+08	3.4370301e+08	2.9312926e+08	2.4095711e+08	2.5539662e+08	2.0121338e+08	1.3966726e+08	1.2400011e+08	2.2011097e+08	1.210112e+08	5.5457278e+08	3.4928869e+08	1.2953728e+08	2.0536904e+08	2.8298163e+08	91654528	3.7347503e+08	3.2774306e+08	1.1087737e+08	3.1720799e+08	1.6172096e+08	2.9626661e+08	3.3057303e+08	3.5099256e+08	4.4429637e+08	1.5044245e+08	1.9006995e+08	2.2334319e+08	2.0597713e+08	3.630275e+08	4.4351583e+08	2.9724885e+08	1.3337472e+08	3.6365666e+08	3.5291334e+08	2.354895e+08	2.7411033e+08	1.9521157e+08	1.7916465e+08	4.651134e+08	5.2629647e+08	3.1312155e+08	4.6090597e+08	10037175	2.9569547e+08	4.2317927e+08	2.4184857e+08	10165460	96617707	5.0066797e+08	3.8777487e+08	7.2582695e+08	4.0778253e+08	2.3042676e+08	6.2509199e+08	2.6830056e+08	9100122.4	4.0826483e+08	2.4699001e+08	2.6385202e+08	3.6651855e+08	3.6976866e+08
Ala-Tyr	8693574.1	280205.21	58841.523	343762.88	762324.76	57329.072	3581052.6	9249.0898	138669.52	200443	3552.6222	365204.22	318664.03	577495.2	171028.18	346660.61	633233.14	108334.46	52343.172	650268.98	7609286.3	1302191.7	6844975.3	536722.84	259731.32	418638.8	1188762.9	7412.8008	237274.41	271798.35	69535.51	570362.67	7498.0066	375812.01	64363.215	9998.0641	363223.67	271447.28	845073.29	686197.29	531681.24	537706.07	62704.408	5744.7395	8407.6032	733060.07	146223.19	1020731.9	95036.351	59437.94	190858.68	68863.529	7166.8062	8383.6929	99847.961	389594.39	200583.31	117993.93	6789.3279	156318.95	213399.11	519587.26	62925.336	8197.7842	110275.98	6498.987	59635.733	42371.536	4596.6827	107054.97	7263.8624	201522.32	50424.909	419669.04	2972477.1
Allantoin	911198.46	2860518.8	1592929.9	1354470.3	997714.31	2317641	371178.9	564391.88	532766.64	1362288.7	4112060	762956.23	834240.63	1505319.1	1025561	905873.69	1405641.5	1313647.2	338764.67	36652.556	772641.72	1195834.9	2470391.9	2200758.5	549785.99	272553.28	1586388.2	91925.561	233205.74	287615.47	158568.51	1183096.9	307362.36	271681.5	1005795.1	49820.258	5455.3589	282939.94	51315.957	167035.01	318035.43	336545.57	1224244.7	10739553	38549.289	2184415.1	114832.75	1734845.5	285779.14	4245.0401	42000.502	2718397.6	5346.9004	565372.52	38219.839	1290869.2	557917.28	148133.07	87186.044	20790.367	259583.4	98222.246	54673.478	6116.0766	7712.3502	79955.923	4855.6535	848317.44	3429.4222	1470299.9	27096.555	617410.77	101848.1	106989.5	49547.248
alpha-Ketoglutarate	52110356	31590355	1.0493092e+08	43013515	98973884	52923096	22968821	1.1390843e+08	48768306	1.1011532e+08	43689617	81494256	92316413	1.4586741e+08	1.6526196e+08	1.4529101e+08	94555996	45737299	70351470	80447619	1.1044167e+08	70731294	78731924	2.2727123e+08	53348582	36613531	72164794	68532829	80965815	1.1678702e+08	71449951	50938284	34998583	48814262	78655818	83652114	1.4041614e+08	63522667	77475317	49586204	1.0958795e+08	84979857	83139147	55978121	1.1097987e+08	48161986	35321453	79506798	44361656	52986408	77342994	40514319	63745873	1.2129673e+08	44776120	1.6045997e+08	86643266	69991456	81931708	2.0732965e+08	87928243	29314980	72260956	67312891	93653009	1.7630863e+08	75461155	46599010	1.5784799e+08	63609225	1.5903595e+08	85681910	1.1379574e+08	1.4470638e+08	65952811
Aminoadipate	3934409.4	3904414.6	5586442.9	2630767.4	4570388.5	5851792.3	4433131.3	2479132.6	7655221.6	3833553	5169485.3	6527780.3	3681146	3741531.8	4667900.6	4386621.2	3348448.8	4762315.8	2378995	2618797.7	5876295	3730866.9	4091261.8	6866837.8	4142971.7	4369614.4	2269406.9	6329405.2	3680221.6	6025480.3	4139908.8	2180716.6	4381002.8	2218110.8	4852611.6	4807694.6	50129467	4216744.2	4088760	5155203.2	3394271.5	2161384.4	4859985	5579330.6	7160540.3	2377168.3	7917707.8	4687497.6	2853369.6	3891969.9	8148360.9	2557375.6	7114557.7	10851432	2863927	2966060.6	10315159	5854927.1	2749048	3559696	8007152	4525365.5	6122189.2	12900521	7546623.5	4994297.1	5873946.5	5254687	9606360.3	5639597.9	5147206.9	6315904.3	4332126.3	3281090.5	4847756.7
Aminoisobutanoate	49874728	40696019	53364293	63069012	55991757	1.9921454e+08	33134063	1.0680633e+08	57917102	72005903	65223969	71147692	49058027	62326596	37237107	49419936	41851055	53813779	74013877	47192447	26346341	47796926	1.5222838e+08	75853200	65212114	86482337	65623982	1.003923e+08	1.6716814e+08	59879978	1.0662282e+08	1.8607487e+08	1.3324896e+08	78691455	70935763	1.5690785e+08	86777667	71695995	71906914	88953836	71202286	87474217	1.1228041e+08	68481679	1.0618141e+08	86529907	1.229666e+08	94296917	47455043	97622230	53785922	1.6813912e+08	1.7469603e+08	1.2272335e+08	97220082	1.1529148e+08	1.8598342e+08	98813123	1.3330031e+08	1.1382539e+08	1.9960609e+08	1.0799275e+08	1.2129785e+08	52265652	1.6711392e+08	1.0843286e+08	1.5925015e+08	1.019283e+08	59746753	1.1687647e+09	1.6201964e+08	97806287	88160140	1.4995448e+08	61349183
Anserine	5616.9675	347211.19	774015.17	4843.1674	2575338.7	2510296.8	32176.107	9555.9734	1437202	1706755.9	264357.2	922534.99	603375.02	742595.7	998993.87	2774155.5	516972.21	1132376.6	1888498.2	593149.99	1342547	480034.5	697237.16	590007.52	695838.35	5993.465	557967	7658.7565	113063.21	521437.34	280653.78	5160.1035	7746.7895	78075.279	974280.57	51648.997	82114.481	179019.67	35255.041	55283.148	159855.7	50676.318	187196.88	99383.35	8686.5664	1074508.4	10441.169	59552.883	626826.38	5878.7	7044.6071	5629.1451	7404.5999	8661.8627	6031.8714	5073.6191	7039.6474	94407.446	7014.5969	4666.667	7129.6207	13552.709	126555.38	8469.7856	10680.369	6714.6225	6724.3017	6177.4449	4749.2	41887.698	7504.8764	5908.5575	6400.467	7152.7792	5098.1753
Arg-Ala	5.6495457e+08	13660922	20052270	33098148	23563245	22055205	1.5034465e+08	45749905	40872898	16673735	2969067.1	30552273	20721422	20013498	17453775	12848709	16483298	15513010	12995150	27576000	14902704	44983016	40326314	70008042	89735292	47083676	57476584	55827696	10011725	1.2128606e+08	39723491	38370236	64615458	31895162	63005167	30347264	48986818	39269391	15653174	27431735	24230671	38948834	50936940	16370118	27360390	22097557	25905714	28162459	25439164	30510389	14343645	20144184	14517139	12644361	19000062	13230549	32908944	34469740	23193602	18259669	26862126	31653706	31146114	15788825	31787800	21270200	17750734	18637604	20061689	27228848	18629296	13230549	22824130	53209594	1.3582763e+08
Arginine	2.2487095e+09	9.9106316e+09	6.220009e+08	1.045871e+09	9.634739e+08	1.2410627e+09	1.2267595e+09	1.07273e+09	9.3293152e+08	7.7528868e+08	1.4124038e+10	9.2386347e+08	6.4716877e+08	9.2429318e+08	1.268286e+09	6.8786279e+08	1.19164e+09	7.2065213e+08	5.5864247e+08	9.9162416e+08	5.9168197e+08	9.7770775e+08	6.355453e+08	7.4874228e+08	1.3402604e+09	1.1012526e+09	1.0816717e+09	7.4490798e+08	4.0350777e+08	9.8564761e+08	7.4910865e+08	1.0468933e+09	1.1172121e+09	7.8232809e+08	8.3551658e+08	6.6581067e+08	8.5016703e+08	7.0447625e+08	1.0559667e+09	5.2338628e+08	7.7514958e+08	1.2646978e+09	1.0290835e+09	1.0984645e+09	7.6729695e+08	9.2117132e+08	5.4719035e+08	8.766981e+08	1.247e+09	1.1688328e+09	4.8666238e+08	5.8888603e+08	9.4756561e+08	6.0998412e+08	1.2572299e+09	6.7515009e+08	6.4942855e+08	9.1218001e+08	6.7548164e+08	4.8926136e+08	3.6937406e+08	6.0338545e+08	5.1727903e+08	8.3688835e+08	5.8734258e+08	7.2846995e+08	4.7466665e+08	4.5212217e+08	7.0252202e+08	5.3248252e+08	6.9113252e+08	5.7622052e+08	6.7246936e+08	5.1723416e+08	1.3125273e+09
Ascorbate	35356533	12282112	40174433	442073.69	4089057.4	31182.818	2058814.2	1.6526174e+08	93941002	10454843	34092016	43987703	17983779	35706463	65987172	56459090	19178304	71598.407	21796.493	61092112	961301.42	10441725	16937.637	43858355	22080629	55687048	2154291.5	46876475	850856.3	3.662435e+08	1.1027557e+08	15209.191	2.088969e+08	20387.325	1895998	39123978	85246743	40730245	4539797.7	23799.511	466518.53	37405.135	376583.41	91394.785	1.9136752e+08	44596888	1.7744464e+08	134637.77	14919.135	24118459	74002315	5049513.2	1.0246157e+08	3.4630141e+08	1027454.1	92422505	20304592	1.8300492e+08	653007.01	12221014	22950240	80886.911	1.5680486e+08	1.5362661e+08	5580403	36882997	162315.84	137990.53	28459760	833722.12	42265609	14340.755	71958138	68770504	14332009
Asparagine	46418305	5.4327722e+08	48445223	49771521	75354599	81563652	44424809	76819374	64091559	49408556	9.2292289e+08	50403013	83004576	1.0541603e+08	76647671	54687680	63930672	65118741	85276215	60789437	48741096	58527468	80479689	56455087	56191281	93756487	35703797	68663819	45870832	57075206	61175327	55173289	88472654	33552389	48077376	67765785	68727657	1.6079635e+08	57366553	53108430	1.1639306e+08	46157496	55837997	2.4492268e+08	52134777	74816635	79945146	65512047	61213706	1.1680463e+08	62750038	33406323	1.8244099e+08	1.0356161e+08	77997285	1.5504525e+08	50853410	75552101	56167656	39534394	37738906	35298106	75344676	1.1751677e+08	97791919	51274843	58290627	70702202	65393459	1.3917776e+08	45585044	64156669	49113371	34682275	33325409
Aspartate	2.3934529e+08	4.5782489e+08	3.7102122e+08	3.5123648e+08	2.9038734e+08	3.8037913e+08	2.0411004e+08	3.4813807e+08	4.8944384e+08	3.6579678e+08	6.323983e+08	3.5394427e+08	4.6101493e+08	3.5942461e+08	2.7607598e+08	2.7164167e+08	4.1213272e+08	3.8882931e+08	3.8445934e+08	3.4022356e+08	3.7960566e+08	3.0841485e+08	2.8063561e+08	1.8096019e+08	3.7105033e+08	4.2562433e+08	2.9082822e+08	3.5266881e+08	2.1573768e+08	3.4500832e+08	4.6680336e+08	1.8973138e+08	7.3572206e+08	3.4419118e+08	3.1531247e+08	3.1902267e+08	2.1157853e+08	4.4122784e+08	2.71375e+08	2.4401986e+08	4.6868797e+08	3.1464761e+08	3.7482793e+08	1.1156162e+09	2.9404026e+08	7.0154024e+08	1.0833938e+09	3.0627684e+08	4.2141054e+08	8.1957368e+08	5.0172968e+08	4.6529743e+08	8.9296393e+08	5.1098336e+08	3.7107604e+08	4.5164877e+08	2.6778331e+08	5.7252509e+08	4.3146287e+08	1.7006936e+08	3.202939e+08	2.5034914e+08	6.6394475e+08	6.0804103e+08	5.124211e+08	1.6548843e+08	3.3706646e+08	4.2899751e+08	2.765745e+08	9.2615186e+08	2.9924211e+08	4.530427e+08	4.0126573e+08	2.9607876e+08	2.716612e+08
Aspartylglycosamine	11613174	11998948	13230549	9285470.6	12364237	18756950	5421142.4	10563826	13023835	13911289	14219236	11985229	16071440	19966147	17106707	14193851	17071622	11207514	10647878	16228867	16179887	9633795.6	8743684.2	13230549	11330674	11076158	8391550.9	14151067	10783588	11749318	16947225	6224120.1	13230549	7376785.8	13230549	11750432	11981278	16108260	7114872.5	7181519	13968189	11955913	11708609	6218061.4	11254096	9655068.2	8174521.4	10684244	10455462	13529241	18941842	8005581.1	16492215	17835858	11907402	25868667	19089350	13838987	12215162	10604436	7949182.2	6134967.4	13230549	12361159	11635890	12092257	9313372.4	8386658.8	16702968	13230549	10587628	16147830	13213479	11994439	9143476.7
Asp-Pro	22717272	18667715	29425662	25684711	29827158	36100183	22499954	33784205	38102127	36704386	13230549	37131914	38650428	28302227	35445416	49784530	22588307	22657630	36285473	20277586	17390924	24678129	23850674	43863552	42558611	26523398	27035945	40616409	23199885	34227741	38306064	19971686	63591768	26726193	33063968	26083381	30268341	36989015	24745546	27399532	45889979	26269835	41640065	16721310	38780578	28984560	38643036	30871317	41031731	48188830	41942643	24218401	60405856	44952875	30729966	45576505	41061246	49866167	28843821	30847237	28094510	11273137	25635190	32497924	28221157	29098750	28387678	31687041	40018394	49429419	34263142	37002761	42864632	39427696	24468752
Azelate	19212079	18545622	2277855.2	2838605.2	3498823.5	9937301.1	3060337	5982268.9	4518482.6	5302144.7	12331606	5197331	6316968.5	6443254.5	4747257.8	6135644.3	5361134.8	3237446	10943913	13849048	2968515.1	4362903.2	6129849.6	7174195	10558131	4235226.4	12035387	10576606	4972959.8	8190868.2	5603696.9	4474493	14610815	12836483	13832491	7522574.3	12204776	10831137	13230549	10706143	3869529.6	10403522	12447104	4169484.4	9663369.1	8424402.8	14381979	10319815	3720304.6	7341080.3	7958437.5	5755748.6	4164581.8	5334579.3	4424748.9	4418871.6	2974861.8	7865455.5	5697568.7	25915130	5764120.8	5908084.3	14848966	7132511.4	4986570.4	3575963.6	8855907.1	6619809.4	4314127.7	7062564.5	8609199.3	8557446.4	6541860.9	6896745	2229275.6
beta-Alanine	1.0367266e+08	66170598	3.3519434e+08	1.7905064e+08	1.6932622e+08	1.9684042e+08	1.1798042e+08	1.5612645e+08	3.9576782e+08	1.1851446e+08	1.7684734e+08	2.7933021e+08	89728008	2.7890387e+08	1.2611892e+08	1.9481026e+08	1.5698439e+08	1.6645299e+08	1.3749958e+08	1.7175611e+08	2.8330189e+08	1.7678698e+08	1.1259972e+08	3.5266185e+08	3.4681199e+08	1.7225909e+08	9.6326442e+08	8.8393487e+08	6.2769893e+08	2.3114378e+08	5.4140612e+08	2.1005149e+08	2.0260251e+08	1.7949196e+08	4.8049643e+08	6.3159077e+08	8.8977725e+08	2.9871865e+08	2.7963785e+08	2.6883874e+08	1.5925268e+08	2.7258578e+08	5.9102013e+08	1.0949535e+08	1.5187599e+08	2.5778161e+08	4.7147873e+08	1.7167307e+08	1.0047488e+08	3.9663809e+08	2.4997545e+08	6.0448036e+08	5.4485092e+08	7.7731187e+08	3.3698214e+08	5.4071498e+08	1.1695654e+09	6.7740844e+08	6.5396973e+08	4.6817158e+08	9.0364642e+08	1.1767592e+08	1.1622093e+09	9.2253808e+08	1.6394638e+09	4.5120247e+08	5.0593148e+08	1.3434785e+09	6.0179233e+08	1.679958e+09	5.7668947e+08	2.0573792e+08	6.0683413e+08	4.6182596e+08	1.8750162e+08
Betaine	9.732683e+09	4.2578675e+09	5.3720359e+09	4.4796014e+09	3.8506184e+09	6.615592e+09	3.15305e+09	5.6832775e+09	5.1582197e+09	6.0020849e+09	5.4917157e+09	4.9484999e+09	5.8007346e+09	3.3960919e+09	7.7359609e+09	7.757482e+09	4.5209444e+09	3.4358772e+09	4.5233313e+09	6.145172e+09	3.5122256e+09	3.7265855e+09	3.4766754e+09	9.2124564e+08	5.0290332e+09	2.0995862e+09	8.6674872e+09	4.1752096e+09	1.0023061e+10	1.0058877e+10	6.116094e+09	1.3282472e+09	4.9369871e+09	2.5577509e+09	3.1210532e+09	4.7874866e+09	4.0114369e+09	4.0652818e+09	2.0821226e+09	4.3337349e+09	5.2908836e+09	3.407641e+09	6.441774e+09	8.3545676e+09	3.5904911e+09	3.2476469e+09	5.7326734e+09	2.7565272e+09	1.9088555e+09	3.1099219e+09	6.2958659e+09	3.0986132e+09	1.2324013e+10	4.8536057e+09	3.8701252e+09	9.7568588e+09	5.3341649e+09	5.8488136e+09	4.2997123e+09	3.5531647e+09	3.2766029e+09	1.9502759e+09	3.6786673e+09	1.0607003e+10	9.7273313e+09	5.4397181e+09	4.0306321e+09	2.7674218e+09	9.23541e+09	4.2062776e+09	5.9795756e+09	6.801402e+09	7.0056491e+09	3.2339758e+09	2.9413438e+09
Biotin amide	5128.8934	3005.7534	341727.1	4422.3309	5461206.7	1207007.3	26943.027	64886.398	50020.298	13046609	76199.402	188122.5	1994307.3	1312250.1	249705.6	851375.11	432725.69	3042230.1	744564.79	492391.85	121347.59	784683.03	250892.51	4895.6056	103516.13	192935.3	37752.059	82539.481	2180171	254159.68	2061712.1	4711.7276	240976.49	172042.42	38843.367	1352288.1	1182383.7	6504.37	4515.167	3384744.5	67944.517	1343730.8	8169.8939	531550.99	326958.84	113762.25	9533.9063	303637.11	4839.4223	574630.09	122869.27	40580.615	356933.12	1900339.8	5507.7451	3716581.7	217092.18	56485.906	6405.0788	182158.78	6510.1079	12375.076	1451668.9	507649.38	48761.607	60328.034	6140.0081	724773.15	4336.5286	5827.8503	6852.7565	52052.254	83309.644	131190.97	4655.1804
Carnitinamide	17824133	21609112	11842238	10568808	30016038	26529575	7088371.7	34082954	9965629.4	20560791	23131360	11296190	15110388	11315408	13230549	13471979	16073713	6922553.9	11548712	9024917.4	11684298	8432177.7	8404720.1	31527633	13657039	9216894.6	11815438	19157485	12043856	45450945	6864951.6	13082647	8346172.9	9507598.2	2848742.3	16684047	8882629	20413111	7039071.7	21547574	18741541	13571513	201028.9	54341938	23177575	20819606	9182566.5	10536249	119079.12	14335756	5173063.7	16852115	28476644	29805796	15060738	27116961	21441454	37875062	22525348	13230549	21101304	1522508.9	12795589	8505965.4	36610566	17176179	15121317	138794.65	16972841	143400.44	10269155	132753.29	11225315	15340794	12344747
Carnitine	3.4840176e+09	5.3216562e+09	5.8384046e+09	3.0974141e+09	3.7872979e+09	2.7642268e+09	1.788373e+09	7.5364765e+09	1.0441926e+10	7.2795113e+09	4.4810094e+09	5.9244219e+09	5.9334759e+09	5.053459e+09	6.0978141e+09	4.945474e+09	1.9864734e+09	2.1215994e+09	4.5955603e+09	4.7591235e+09	5.6111552e+09	5.5923887e+09	1.197519e+10	3.7536391e+09	9.9035445e+09	5.0825638e+09	6.2213591e+09	1.0910562e+10	6.3123957e+09	6.8106339e+09	6.2925831e+09	8.5437664e+09	1.2035709e+10	3.5884663e+09	8.8348516e+09	6.3267669e+09	5.3066812e+09	7.5274817e+09	4.2471427e+09	5.0031971e+09	7.6100914e+09	3.1839323e+09	2.6107003e+09	7.1338668e+09	6.4441032e+09	5.7442833e+09	1.0154829e+10	1.0216627e+10	5.2492479e+09	5.1927181e+09	1.007401e+10	7.2544357e+09	7.5229356e+09	1.0501373e+10	4.4157412e+09	1.254485e+10	4.7217919e+09	1.61243e+10	1.1223737e+10	2.7549601e+09	4.317106e+09	7.5840333e+09	9.7509597e+09	6.418898e+09	1.1547138e+10	2.0359399e+09	5.1053605e+09	3.1807669e+09	2.6057213e+09	1.4412869e+10	6.5803757e+09	9.2961332e+09	8.6587454e+09	9.3674032e+09	4.9366292e+09
Carnitine (10:0)	3356590.5	1180264.4	12280896	3803782.9	5411561.6	2160948.7	3005089.6	15173518	11049657	4042009.7	9400363.1	6431085.2	5007537.9	2242939.3	2643884.4	2966507.4	1518701.4	4410746.2	3248094	15043614	2572219.4	6069380.1	3125114.5	1373106.9	12216902	6549171.5	10586896	6276650	6305121.2	20782138	19094860	5902848.4	15871991	3777063.9	24868196	21164183	1238290.3	11675705	1604109.7	7348226.6	3459164	10560567	9624177.4	4256219.1	4745986.8	2515457.6	6061169.8	12868579	15383285	4717452.8	13230549	7881061.3	8217569.1	17746837	5767246.4	6756797	3846177.2	5764736.6	16767147	7011612.3	20693967	14115113	37740601	20245517	8388271.7	6076113.5	6544107.9	24258566	11352118	8608790.4	6534947.9	6658153.6	8305268.3	9159346.6	1827942.2
Carnitine (16:1)	11821.921	6928.1575	802802.33	10193.32	6670.8374	49329.681	758252.47	20112.27	97263.453	7908.872	67412.404	376148.82	105924.23	8640.2296	749617.42	47338.714	138182.98	9709.163	8897.6193	82585.605	298915.96	626734.89	211728.92	11284.201	15525.553	12614.328	1724445.1	188442.1	9964.5246	165988.88	179989.93	10860.369	170573.79	97757.435	14597.643	21740.925	15900.434	99915.431	887895.65	213393	685965.87	114875.12	4013728	108205.94	18282.446	11926.181	21975.324	12202.392	1422969.4	12372.785	363785.68	1743804.6	15584.316	18230.453	12695.161	241465.01	1806370.2	1347389.8	14763.485	159722.13	15005.573	28524.122	890753.74	1912791.7	22478.763	88604.272	1173064.1	13001.547	9995.5482	13432.993	103215.79	136160.95	13470.938	15054.314	10730.03
Carnitine (18:0)	91943.737	225142.34	649849.53	183790.07	116773.35	8816.2225	747857.74	895758.56	482277.08	883203.77	96885.275	1245627.7	1166436.5	116642.96	302043.18	430992.95	121500.39	331125.97	175669.69	353451.73	175438.63	78042.535	249290.03	362344.66	443265.56	322261.77	276218.99	598544.64	49821.273	133769.95	250427.89	562001.97	142319.28	648057.82	934365.46	126699.51	117696.14	460171.2	587645.86	294533.75	1209219	1385181.4	1177933.5	86434.162	278008.06	848385.16	882482.89	483303.43	599175.55	144062.2	470839.15	283415.12	562099.64	576762.05	492014.26	916331.85	499378.36	413494.02	112488.97	215960.1	268034.29	316457.81	156413.28	198936.1	100435.33	95148.43	670870.43	694107.37	432276.84	132591.02	144527.27	338240.44	310936.69	252532.94	509811.57
Carnitine (18:1)	236438.08	6884.1505	618972.43	590011.27	365126.54	794772.8	9438.0695	19984.519	13952.994	7858.6356	7676.1548	2124545.7	8288.6324	868987.47	8303.6341	316772.54	272728.18	9647.4913	8841.1024	823271.26	1118329.3	11095.832	396039.81	11212.525	292283.84	744168.07	15623.592	1167235.4	670986.8	2044776.3	291000.57	10791.385	842702.8	13607.106	14504.92	523284.14	141366.73	716141.02	362287.82	15255.305	326668.74	18479.046	449440.9	627319.65	918030.43	933042.8	564700.18	609182.31	262848.36	12294.194	14732.469	11772.297	492701.23	1309394.7	12614.523	1085634.7	119367.93	486548.63	14669.708	9759.4552	998647.28	1897638.1	27192.569	88564.808	155069	14042.368	374671.91	697237.38	9932.0574	584688.93	1705436	270382.56	792436.92	14958.691	1053919.2
Carnitine (3:0)	8.1708316e+08	5.0164696e+08	1.0888468e+09	1.4038406e+09	1.9468905e+09	1.234719e+09	6.1425017e+08	9.0112224e+08	1.611357e+09	1.5026391e+09	7.5644945e+08	7.1809212e+08	1.1449168e+09	1.7288225e+09	1.1681239e+09	9.2091465e+08	9.1472753e+08	9.1923253e+08	1.9129576e+09	1.3232106e+09	1.3755933e+09	6.847337e+08	9.8787242e+08	5.8621219e+08	2.9169679e+09	2.673456e+09	1.2013255e+09	6.9777026e+09	1.659899e+09	1.1835552e+09	2.3422039e+09	8.2230182e+08	5.4977217e+09	1.8599358e+09	2.1262288e+09	2.1225862e+09	1.1226626e+09	1.5398212e+09	9.3197435e+08	1.2680474e+09	2.738207e+09	7.7043582e+08	3.0694589e+08	1.9379463e+09	2.7944958e+09	1.4916317e+09	1.4151756e+09	1.3087256e+09	1.4085208e+09	1.7835972e+09	1.8560581e+09	3.7052162e+09	2.6648985e+09	1.9047152e+09	1.2511964e+09	3.5232037e+09	1.3169766e+09	2.4227636e+09	4.5692947e+09	1.2350179e+09	1.8814976e+09	1.3178236e+09	1.508868e+09	1.712537e+09	3.5724402e+09	1.9608527e+09	1.6283369e+09	7.7577468e+08	3.7007414e+09	4.4856768e+09	6.0414504e+08	1.3721586e+09	1.438186e+09	2.0699844e+09	7.8930448e+08
Carnitine (4:0)	31961691	31038182	64176566	3.8743219e+08	39821158	34769373	36320102	60528298	67208676	59492084	36465370	38084730	51146242	54596275	61741383	55943986	31746298	39060397	53976920	75828136	65375019	56372936	65410282	32379821	55322013	4.0406174e+08	57603351	1.3207476e+08	2.4223579e+08	83086462	1.154179e+08	1.4183338e+08	4.3510034e+08	75309152	1.0704287e+08	87388319	46814282	90193124	99120285	3.8563002e+08	82420001	89299608	49811213	58790897	1.7821005e+08	96421433	80591581	52778986	61919772	4.2301461e+08	66827008	2.5893371e+08	4.2517595e+08	1.7036655e+08	3.3082841e+08	1.0541772e+08	2.4691431e+08	7.7088799e+08	1.2016982e+08	1.2934132e+08	65136466	1.2389346e+08	1.9872872e+08	1.0287469e+08	1.0005945e+08	1.3835265e+08	2.8194361e+08	1.0952855e+08	1.2358507e+08	1.8157913e+08	79353638	3.0583206e+08	61615341	1.063971e+08	44680078
Carnitine (5:0)	18928557	20734882	39357482	59454904	46507900	83733139	31617883	32429039	36372614	52906226	23974840	15474455	65677020	69752622	35119631	28378139	25452616	42519406	1.2493493e+08	26186603	2.5201174e+08	41209060	15033318	35201582	2.4632634e+08	4.8598143e+08	15221305	1.3787932e+08	27147479	37940568	46468620	80390677	7.5176777e+08	3.2051766e+08	3.3344058e+08	44670298	42008819	1.8019169e+08	51846710	26147967	1.2040698e+08	49314407	7804555.6	2.0293852e+08	5.5771408e+08	1.6868321e+08	1.5651692e+08	1.2260922e+08	3.3911848e+08	1.4332546e+08	42034621	53448330	1.4073525e+08	46171359	63033047	7648997.4	33874997	1.0497321e+08	15473426	46339042	22965521	2.7722891e+08	24219309	27036958	75278932	35843115	52417605	50222508	74858595	1.1108369e+08	99748631	63600661	34293699	23628468	20803803
Carnitine (6:0)	13230549	13189843	41337307	31664269	33419627	17661559	24009395	35868022	42632788	68532563	24378175	22751207	59100420	30350638	32306847	36528123	20674500	18574327	32871830	68157168	63718971	87678391	34256204	14386146	53529132	56154437	31000379	20006138	47940592	60157504	75243228	52152665	48725992	29395035	62970975	44098757	10998291	37094454	14185632	32231708	21289206	24561413	26858753	37038807	48004551	46846675	55476787	38803715	34060999	23502814	30799288	87639072	75094948	71579257	45445294	54382846	50827072	1.127401e+08	60552285	40580464	35717258	26750137	56813999	36554942	69684504	29914139	63588097	59019493	25609236	61885648	44856703	63925414	50250237	38378467	24495989
Carnitine (8:0)	4039265.4	30306664	9402790.4	11620915	10667218	7253005.1	7746103.9	6021537.3	10467408	16966073	17856838	7335697.7	14998132	7622478.4	10004340	10251059	6559109.9	7044285.4	9818241.7	17384983	13208683	22903221	7011642.9	5097015.7	15571682	11059664	7680410	4255814.5	11275856	16686678	16359215	13230549	12382621	8107503.2	15937342	11638449	1438733.4	10861200	3601231.4	7461267.3	10468386	4699603.1	5197773.8	12370217	13230549	11233044	14444780	9871595.7	11474192	7435247.7	7058886.5	19118704	19758045	19786136	14831492	20554512	11725387	27439488	22156310	8187482	8506980.7	6728711.5	14531923	17699257	18134710	7478188.2	16393250	11984094	7846846.8	26511244	9217861.8	14984023	11507793	10690819	6293585.9
Carnitine (glutaryl)	386823.51	3671.0983	332650.23	64385.485	721840.19	816951.73	111118.2	149353.31	357898.31	82025.02	2285530.7	179406.77	1004706	179755.78	378856.71	4613.5173	83644.88	567993.21	40246.257	7018.7561	153600.76	5917.054	35599.954	151883.56	86824.92	39011.38	8331.5641	42706.374	60631.043	911112.33	42094.736	1833037.8	46458.516	7256.2363	326045.88	1073521.1	78961.869	686216.21	270457.22	98409.85	157165.98	122644.68	9978.3578	326696.03	9687.5187	320637.33	132741.87	888262.23	212152.53	65101.858	7856.3566	282648.74	85876.688	894041.71	1469453.7	239884.35	147874.22	90140.797	492013.58	51664.314	1589588	15114.387	14500.931	9445.7583	800913.31	1559506.2	104304.28	395079.31	5296.45	8141545.3	221789.67	6589.4001	59099.491	130759.52	34261.193
Carnosine	1023813	517029.13	3177404	3689897.1	2300014.6	1687429	1569532.7	779755.32	1087010.1	1201635.5	1860125	1497719.6	1228555.2	921627.48	1306984.7	3592410.2	1156009.3	4175322.7	1997047.3	727209.3	843713.84	1520940.3	2637795.9	2534696	2787865.1	801374.53	2219184.7	1273356.4	911434.66	1661761.7	987284.04	791386.4	18474.508	995164.56	448093.04	123172.25	2492851.6	157798.25	2576614.4	1099239.5	227908.03	195961.39	936539.8	299154.97	190911.36	403274.87	7346312.7	1451495.5	454414.51	77353.841	597338.78	117725.09	605185.67	3120406.6	117601.01	1172909.3	671575.68	1527884.8	1342222.4	1035338.2	478069	1428052.9	2936127.2	2548084	857436.95	334600.03	554815.51	2828988.2	3217969.8	1681657.1	1915558.7	287282.27	816279.25	377749.61	1170347.5
CDP-ethanolamine	41902611	41719692	44075437	34738001	41476314	47410917	25440439	34533027	38314273	49712652	42633091	45308613	45400283	49327322	61201262	50120117	45131957	31542454	37230726	32533382	80910196	26565521	24458578	33246441	34702501	21665280	27993008	30556565	21255386	46692148	26843257	15935690	29999513	20685667	29752485	39367084	19904514	39274375	23292791	25348293	20550680	29389917	39458761	13230549	26063242	32564696	33254257	31381613	27996786	19155584	36827118	33905649	28797839	41725559	30800455	61357083	48239965	46381262	50325821	15876887	40930190	13663022	35301295	44879376	35941673	38648496	25229815	22322382	50831568	28739735	28649714	43190908	29691514	36540422	31180378
choline	5.3705449e+09	4.6086514e+09	4.6820916e+09	5.6229834e+09	4.7080586e+09	7.2831975e+09	5.316697e+09	1.7947172e+10	1.5947958e+10	4.1061685e+09	7.5202905e+09	1.731446e+10	8.797026e+09	4.4157867e+09	8.1350288e+09	7.7694243e+09	6.0748057e+09	9.451599e+09	5.4856698e+09	1.5043614e+10	2.0063312e+09	2.2646941e+09	3.6291652e+09	3.5700778e+09	1.7632641e+10	9.1074416e+09	2.0408473e+10	1.9614531e+10	4.4459188e+09	3.8793324e+10	2.2675146e+10	4.0527019e+09	1.4549325e+10	4.7768749e+09	3.6710194e+10	2.2927865e+10	5.8044858e+09	2.3108167e+10	4.0524877e+09	4.7327561e+09	5.7888051e+09	8.146723e+09	2.1387061e+10	8.8164538e+09	5.042611e+09	8.3203596e+09	1.9609667e+10	6.5332785e+09	2.8051873e+10	1.1040847e+10	8.178885e+09	1.5377681e+10	2.1492104e+10	2.3662449e+10	3.5015425e+09	3.7249009e+09	2.1634747e+10	9.1483863e+09	1.6767147e+10	9.5612895e+09	3.4084181e+10	3.2395342e+10	1.4208226e+10	1.3159586e+10	2.735306e+09	1.6050111e+10	7.3477703e+09	1.5820804e+10	3.8921548e+10	2.2884126e+10	3.844087e+09	1.1096923e+10	1.420638e+10	4.3964864e+09	4.1781537e+09
cis-4-Hydroxyproline	31410704	2.7469364e+08	16019490	24162507	24743793	19760262	24125551	32578092	22477933	11475373	5.6160911e+08	32931798	21492866	13456166	16004390	18602154	13824129	14314655	17707577	9301841.6	30731422	22965318	5926149.6	47633594	18719041	11437951	14566526	25205194	21095819	25776240	22668952	14829642	40191253	26176914	22822472	26840925	23531091	45861928	9240810.9	23243364	29507993	17362723	57893181	7802092.4	25603362	27784413	37018552	35578083	27625119	41441944	11497650	32880548	45288899	48616607	25801121	33781300	56330601	13230549	51163464	35199764	33012471	8764990.1	28153702	46737445	42624895	55578812	24871895	22108835	52433264	31604099	80124061	18096435	22036197	26820197	43215939
Citicoline	6439651.5	7274180.7	14759663	3661341.1	11269231	9302134.3	8551252.2	4850614.8	9669592.2	21564584	9245101.1	11482516	15388774	10456368	18769017	13596544	20570729	18678152	8589284.9	6182481.6	10580630	3113051.2	7362406.8	6867898.8	12828206	8796864.5	5772080	4234199.3	2251380.9	11785154	7781314.2	1464288.8	8384441.5	4425400.3	7918412.5	8703708.6	4956958.7	7860557.9	7587831.5	7298074.4	9408051.5	7276355.7	7347355.2	6136467.7	4876121.8	6556466.6	14169207	7596506.2	21073134	9725428.5	16589521	8423344.7	4591336.6	6264473.6	4746779.5	13671965	12201393	17485733	22452831	2280307	4427317.3	3308744.5	5057819.9	18321964	5185239.3	5472474.6	3972902.7	8419615.7	11550166	6400433	9124797.7	8754043.5	9317936.2	5212800.3	12403873
Citrulline	1.6498565e+08	2.1000696e+08	2.1526402e+08	1.8925809e+08	1.0686666e+08	1.4978309e+08	91337870	3.4452273e+08	2.9284269e+08	2.2353877e+08	3.1120635e+08	1.9812657e+08	1.8052942e+08	1.353253e+08	1.4686268e+08	1.785666e+08	78030977	2.0740298e+08	2.0930722e+08	1.0458959e+08	80338427	1.0443709e+08	62264015	1.9694925e+08	1.6739443e+08	58899655	2.0920746e+08	1.1892273e+08	51051337	2.8168109e+08	1.5398196e+08	2.046983e+08	1.1427357e+08	1.3588635e+08	3.5744358e+08	1.9322027e+08	1.1212651e+08	1.2072572e+08	85464879	1.0175134e+08	64463173	2.7457031e+08	2.1604284e+08	3.2648517e+08	2.3044081e+08	2.7352001e+08	2.5631161e+08	1.885372e+08	1.3079626e+08	1.5076084e+08	56729815	1.3561205e+08	94382830	2.0551281e+08	99590092	1.0934033e+08	84072104	1.2874841e+08	1.3833638e+08	42530204	62727774	72624879	1.5314188e+08	1.1211921e+08	1.7018683e+08	1.3083773e+08	34972465	1.6402317e+08	40592679	1.7801714e+08	2.3168869e+08	1.9093167e+08	1.6388135e+08	1.1213247e+08	1.0119425e+08
CMP-2-aminoethylphosphonate	520664.25	440656.26	654425.15	742066.28	783833.9	1643770.4	387289.94	514397.93	425430.92	925475.79	646757.33	540286.85	1080216.8	1217225.4	909272.03	798808.13	769226.27	941398.09	1173109.8	597484.64	929320.86	492417.5	1111480	1092235.9	646757.48	829615.17	345525.27	1212758	1254569.8	544787.4	616064.15	788531.3	888498.72	462295.74	644303.81	516271.15	496280.31	807623.61	869577.07	633371.43	1407991.4	458975.36	751035.82	6497275.3	815617.42	348292.38	812118.31	939097.21	997577.54	797309.15	996078.85	487621.16	1450309.4	1198699	977008.72	867399.66	545245.02	1435431.6	767009.53	684014.89	633488.47	451909.23	280632	1104084.8	486675.3	659278.15	450126.94	948055.46	695922.15	464465.93	662472.4	1054275.1	326167.23	404254.48	461746.39
CoenzymeA	2397564.7	843045.98	997822.79	2149964.2	919965.47	5122248.8	924642.96	8320961.6	6607011.3	3143785.3	1566727.2	2720843.7	5887240.5	3434500.7	4745433.5	3249032	1932892.7	1969083.1	3464633.6	2471450.9	2675108.2	480115.14	927453.33	2288511.4	5289792.4	2967593.3	1913294.4	4969014.6	1050853.5	10668164	2625543.2	563854.17	3703464.6	755412.78	7105198.8	6172886.7	3482691.5	3770279.8	717628.03	1619100.8	1976665.2	4978552.9	4582941.6	1722755.3	4745986.8	102553.27	2674045.5	3167650.2	1900288.2	1405198.7	4570553.4	1057215.5	2402058.7	990865.05	587023.3	1126132.8	1442316.5	1503844.3	2395306.7	1752903.1	2434584.4	6247673.1	6438102.5	3181438.3	1349417.6	1020328.5	121697.45	2636800.7	3811068.3	115510.35	832885.52	2219384.5	3606234.9	1709744.7	1479762.8
Creatine	9.0616497e+09	6.2716567e+09	1.0875106e+10	1.1521157e+10	9.0062605e+09	1.3910764e+10	4.915051e+09	1.4283303e+10	1.3721135e+10	1.2199976e+10	5.694098e+09	1.6999041e+10	1.3344032e+10	1.3665954e+10	1.7127039e+10	1.1286729e+10	1.2318947e+10	1.2093448e+10	1.213784e+10	9.7966436e+09	7.021092e+09	1.1854888e+10	9.5943008e+09	1.0297793e+10	1.4135644e+10	8.276712e+09	1.305329e+10	1.4371962e+10	7.564953e+09	1.462515e+10	2.1052944e+10	6.2993125e+09	1.589684e+10	1.0658348e+10	1.9098972e+10	1.8836511e+10	2.0948523e+10	1.0659151e+10	7.7512475e+09	4.8478651e+09	6.7213244e+09	1.0004761e+10	1.4932027e+10	2.7049161e+10	1.2623611e+10	7.923836e+09	9.1810439e+09	1.0213763e+10	1.1775136e+10	8.0358214e+09	1.4922903e+10	1.018385e+10	2.250492e+10	2.9248932e+10	1.4997325e+10	1.9955708e+10	2.3883428e+10	2.4028267e+10	2.9331024e+10	1.6143236e+10	2.5281807e+10	4.9313542e+09	2.4766268e+10	2.5136764e+10	4.4681866e+10	1.861462e+10	1.6705919e+10	2.23415e+10	1.7889913e+10	2.6906686e+10	1.6593708e+10	1.7019772e+10	2.2836064e+10	2.8204471e+10	1.6609143e+10
Creatinine	3.8166585e+08	1.4948772e+09	3.2789262e+08	2.5898624e+08	4.9594057e+08	4.5610653e+08	1.5440616e+08	66363498	3.2845109e+08	5.7390465e+08	2.8540405e+09	1.4811935e+08	2.7177454e+08	4.2637371e+08	1.9606814e+08	3.1196981e+08	5.5902273e+08	9.6556475e+08	5.694973e+08	1.0974652e+08	1.0770169e+08	62641023	1.7371778e+08	61950004	3.2000498e+08	68924511	1.2025163e+08	1.2914023e+08	57112842	1.9867367e+08	59231951	5.8341966e+08	96199943	1.5896594e+08	4.7456307e+08	2.2262639e+08	1.2318442e+08	99608973	58332281	75874899	54823213	2.5621309e+08	9.7508767e+08	1.7288067e+09	22418486	65311179	65606191	1.1378948e+08	1.1131825e+08	62707949	71924237	2.7320515e+08	1.0332706e+08	1.0660926e+08	73219822	57668059	1.4745094e+08	66812049	81171960	44206559	1.9150955e+08	1.1189105e+08	1.4964028e+08	17483772	73683567	62802224	77580711	3.1066137e+08	28275756	4.2691247e+08	78559445	3.6254696e+08	1.3997337e+08	75447612	1.6432117e+08
Cystathionine	5492.1455	27543.508	103031.53	4735.541	3099.0909	4583.4491	4412.7013	9343.6176	49939.103	71082.099	64740.96	7082.5987	33267.167	27962.274	3882.3042	4044.9007	3953.3151	65939.905	4133.5937	6153.6935	2946.1152	5187.7763	130432.11	5242.3353	40703.604	5860.2764	7304.6977	281346.34	2763198.7	7934.3377	45060.467	382474.3	37873.191	6361.9043	209934.74	10100.247	46694.337	6965.0398	31066.89	43177.796	4042.8422	44267.182	2143495	856427.33	56023.72	231719.67	72939.855	5668.902	156354.75	5748.0617	407403.96	870874.53	902172.82	108984.21	342894.4	1114398.9	299856.06	210248.76	501341.55	46233.31	347811.47	13251.537	12713.689	214003.31	811591.48	485485.38	2284047.1	662350.32	775043.03	5359358.4	42089.107	1274527.8	141199.13	466824.02	280310.64
Cysteate	586477.02	655639.11	625098.75	1004788.9	489084.54	1481636.6	610667.27	962007.42	749886.55	511310.89	552527.34	739529.04	645609.55	284281.76	406965.19	473591.61	458896.41	832861.83	775832.43	535881.58	195468.82	623992.6	992940.41	840246.11	1126166.8	833190.2	1080495.6	1098320.8	581102.84	845845.77	1095906.3	1007788.1	1213001.7	1373877.4	961842.84	885079.43	879291.25	1051386.9	752549.67	795162.07	1165508.8	1487607	1591944.4	1861950.5	768108.01	521440.71	2192872.9	1177489.2	1226906.1	1411596.1	440272.99	979554.99	1343737.5	926020.03	764279.92	1086518.4	1472648	1486013.7	1320868	2045985.8	1988556.2	1242403	2316032.1	920601.96	899146.86	763353.03	940375.68	5031293.9	942912.37	2339747.9	995762.3	2121420.1	1085315.6	1090501.7	729188.26
Cystine	113993.81	8207000.3	4608.3256	109357.08	3249.0448	150994.62	35061.221	1576186.4	145067.85	3852.032	12651596	159006.13	102461.51	4208.2412	4070.1549	4240.6189	4144.6018	4728.8674	595464.26	6451.4485	3088.6671	36463.426	6052.5352	107814.47	7561.752	6143.834	154469.95	422447.79	4853.2417	1162580.2	425595.33	5289.5645	970935.02	52711.909	265698.07	52944.809	124219.82	7302.053	5068.8981	285700.72	4238.4607	1256231.3	71990.876	6084.2601	839374.22	5808.6704	682019.43	492613.17	5432.9194	483633.21	295682.1	112901.16	7590.3726	8879.1787	6183.2039	37970.609	120045.8	7524.1029	41083.609	430208.68	7308.4945	200127.09	383688.45	341853.86	592406.49	40385.149	51897.685	43171.563	4868.3519	6542.5663	330455.47	2008812.8	6561.0472	7332.2341	624580.38
Cytidine	185184.73	187297.25	57019.559	25495.553	2563.8155	579713.68	3650.5389	7729.7866	68474.477	67724.324	102900.76	5859.2913	85574.402	105995.09	418691.52	174812.51	88152.036	89063.178	44754.296	5090.8267	177280.28	28473.985	120893.29	89352.103	5966.9652	65909.362	38867.705	6195.1359	93023.189	39896.573	5654.0632	4173.986	6266.3454	5263.0753	5610.3396	8355.7306	6111.0439	28810.188	21659.014	5900.5799	141672.14	7147.4867	7237.4777	4801.079	7026.527	4583.6116	8445.8176	67505.879	25482.427	4755.2557	96503.397	4553.3918	76490.136	41323.908	29694.36	408865.2	88345.243	32958.772	40944.685	3774.8473	5767.1202	10962.729	10517.779	6851.1739	8639.3053	36862.97	5439.2593	45743.008	50245.787	41968.012	76853.244	153093.2	5177.3108	36208.559	4123.8925
Cytidine cyclic phosphate	808153.08	2705.5285	755844.85	3980.6133	170537.67	3852.7675	118224.56	7854.0822	79236.454	582673.78	131785.52	103676.57	265743.27	340396.26	65651.715	3400.0731	1561751	131154.83	49648.016	447246.75	2109062.4	301887.37	4361568.2	29935.87	461967.79	37119.316	206414.94	6294.7542	184270.15	6669.4661	5744.981	129036.16	6367.1087	136504.75	34455.841	8490.0914	35301.454	32663.372	4064.1766	5995.4617	92628.591	43865.481	7353.8569	4878.2807	7139.5141	4657.3164	8581.627	4765.1803	4356.0442	4831.7206	46594.553	4626.6107	6085.8621	7119.2101	76391.067	30753.5	38473.911	6032.7279	39217.034	29180.935	29299.278	11139.011	10686.906	6961.3413	8778.226	5518.7677	5526.723	173926.41	3903.3813	35498.513	106333.66	4856.2605	63035.383	5878.89	792999.1
Cytidine diphosphate	10169669	1390514.6	1350052.3	1018493.2	1920497.6	1256065.7	2808698.5	601978.17	980892.47	1196602.9	1576164.3	1535541.8	915607.33	2402066.3	1715532.3	1416768.3	2340493.6	600830.2	780515.67	1961557.3	3479184.5	1244397.6	2847368.3	1044976.6	609136.17	1292830.3	1729596.6	1142146.1	2241329.7	675153.96	811844.05	594845.89	480738.29	600076.55	427099.51	1417881.3	1193843.4	1052431.8	2847750.5	1948668.7	1509964.6	696448.55	904903.14	797482.4	502996.45	1524434.9	675631.37	689370.29	624891.76	342646.89	3911099.4	958642.83	1543063.9	1149990.5	2233244.8	1453081.9	869678.8	1436245.6	1636963.8	797954.25	396051.07	119291.7	1292249	1448420	2289440.8	649528.17	1211514.9	1110067.3	1244201.6	1926567.4	815456.77	1752650.3	1188013.7	1859038.9	3371999.5
Cytidine monophosphate	11256970	2139474.7	2871950.3	3749310.7	1786702.2	3955923	3252764.5	2782172.9	3260615.9	2608759	2440662.9	3121252.8	3171982.5	2166234	2718793.9	2791704.4	3326698.8	1598508.3	2051312.5	1452873.6	4390695	1734766.8	5624269.2	3249980	2593894.7	1869352.6	1871061.1	3065109.8	1547651.5	3360585.3	2327278.9	981958.91	3047290.4	1898725.7	2718348.6	3355390.9	3026773.1	2643985.8	2003280.3	1356118.3	2098742.6	2351758.9	3228333.8	412472.42	2831129	1558175.6	3270765.5	2857910.3	1877061.8	2781734.4	1344090.9	1336547.4	3774067.7	3087159.4	1722966.2	3906308.4	4503462.1	1771208.3	3120183.1	2391214.1	2675632.8	690329.7	2940347.5	3235892.8	3857759.2	3516981	2730363.6	3859705.6	4037946.8	3097470.7	2706694.6	1848977.3	2377690.7	3958391.8	7119449.3
Cytidine triphosphate	8243123.5	10024527	6846497.5	5394276.2	8962319.4	7309476.3	5602874.2	5959798.8	8246839	7518614.7	18236261	8353147.2	4592096	14538473	15736668	9711068.2	10730098	5054258.6	5647442.7	8259862.6	21017011	8465376.2	7234477.6	6763941.4	2828410.2	7657765.5	4377864.2	5848986.4	13558212	4519640.8	7293107.4	3214108.3	1821159.9	2302598.1	2192231.5	7726760	8703082.6	6471102.9	9639390.4	7155156.6	6880829.8	2849435.1	5789247.9	3668486.8	4077398	7711494.3	4245558.3	2590103.2	3658131.7	2641961.3	19017258	3562705.3	8977576.8	7768998.8	7246455.3	9351133.4	8775619.8	7602408.5	9429580.9	6100480.1	1920876.5	404911.69	1942387.1	9385233.1	9523614.4	3647449.5	9313905.1	4885127.8	5217305.8	8889055.8	5856405.2	4970639	2223808.1	6776161.6	1556648.4
Decanoate	6218570.1	1323736.9	37618.971	40527.959	1927980.5	4489791.5	1725883.6	2250319.6	1900287.4	2746387.6	1134778.7	8422625.5	33165.715	34352.977	2944513.6	7464665.4	1788689.5	38602.985	35376.341	52664.867	1504638.1	2020702	3103606.4	4869622.2	1737407.9	7888441.1	7301165.7	10334360	1896889.1	67904.071	528133.32	430791.61	64825.669	4269423	8306073.4	1426215.8	3624354.4	59608.574	6345746.1	61041.806	1979737	73941.121	542121.48	3349717.9	9096504.3	3286003.8	87372.422	48515.898	2149805.1	49193.367	58949.758	47105.075	61962.203	72483.065	50475.116	212281.96	8139670.3	7611981	58698.631	39050.992	4178560.8	113410.01	19614786	70875.75	89374.062	56188.424	4606090.7	2521424.6	39741.633	2942353	62801.324	49443.217	2381963.3	3209071.6	2273149.2
Deoxycytidine monophosphate	328706.3	865773.08	722666.59	1018920.8	1391515.7	2062551.3	636693.08	437499.29	474894.61	1398508	1340936.2	663443.59	1537093.9	1909826.8	756699.83	922042.36	1387349.3	1772920.1	2167837.6	765158.95	1201765.5	905892.11	682558.7	616660.25	576280.44	652188.27	783600.51	278029.48	837789.42	270509.01	494943.13	908278.56	431217.9	1955160.1	1359306.9	437307.44	340964.89	580429.41	735084.37	836496.08	1000794.8	1898812.2	964509.66	5906947	282460.09	717136.69	532857.22	1173535.7	909640.52	249684.26	497477.79	536872.3	400987.35	345225.18	794060.05	375097.64	382517.61	388519.69	421504.09	397199.69	193722.52	113924.93	651075.47	626580.17	17955.971	190356.6	406151.4	249031.86	161664.86	324521.06	356692.95	1972756.8	322607.2	92416.721	176837.55
Deoxyguanosine diphosphate	37546853	64619155	53080434	46823893	70233463	67309197	37856922	60487377	61333429	74431881	1.1212758e+08	63428604	44554616	97210096	1.0824474e+08	66325426	84447087	55229730	55754857	58584843	1.426091e+08	73666862	38749651	46677452	44746855	75424887	28711564	45034522	77452795	43606614	70540430	33537141	36716692	30465779	33388763	65180322	57667945	71263835	59233550	48678822	61333888	24336662	35573667	96705220	41752319	70808236	50122768	25274777	34247603	45478285	71090799	29060005	73377573	68517950	53609742	85093594	46171044	57981439	67675428	26776133	16206820	2655328.2	19776869	70326047	60306288	23808297	49125400	26999013	25997414	73537124	34696273	35133022	14627247	35464615	8583443.1
Deoxypentose monophosphates	85051.391	470157.66	866045.41	438600.91	355619.12	1104015.3	188654.44	959386.48	488450.1	688594.6	676378.12	593238.7	590722.68	454987.63	514183.19	737781.14	359292.56	363415.06	552124.17	402489.63	2376480.6	1369313.6	337367.12	2468062.7	781881.69	878466.38	518091.34	1784078.8	3085100.2	600920.09	1006186.1	2509084.5	1278551.7	1358997.3	1933812.5	413267.91	1441201.6	1320492.1	970101.35	482029.32	1315898.9	2014939.6	1109286.2	773970.4	2297177.5	1310066.6	1189557.7	1914734.3	1268007.1	1319282.1	2067185.4	1129813.3	1828901.9	1232344	1679192.9	681913.81	9388152.9	1728871.4	1037892.8	1407033.2	1531036.6	852413.17	146373.52	1514665.7	1142931.1	1869608.6	1478462.8	3439810.2	889597.53	2621430.9	2469823	1749395.2	820462.92	1513264.4	1417645.8
Deoxyribose	865160.79	572340.68	987553.27	408754.68	1266371.8	531075	558369.11	1368422.6	195850.44	1246284.6	1166241.3	1048288.3	955743.34	974816.55	1331776.7	1119619.9	302039.7	812948.63	1201544.1	924233.44	8076989.9	1220455.1	1859074.1	2099144.9	1554584.9	1465115.4	1678732.4	2647972.4	860002.03	1771309.1	2090426	1149940.6	1328164.9	969352.98	2061506.8	1556471.9	1782285.2	3018076.4	1230183.6	1508937.6	1888411.2	14770.819	1946834.6	1984.3578	1091610.6	1800255.5	264395.9	1941009.4	1602144.2	1137318.1	2355.2146	1596908.9	1345218.4	1830674	1444205.4	2153680.4	1053566.5	1116973.3	1360636.6	623492.52	1232121	4531.0601	989838.52	2831.6927	2163516.1	2378162.5	946996.52	592765.05	1097662.6	2333343.7	1427900.6	1371844.2	912812.62	2808100.3	998875.83
Dihydrouracil	2786040.2	514604.88	1234706.9	1708025.6	1792649	1886417.1	533723.56	2605125.2	1648279.1	1712032.1	865713.28	2074691	1987121.2	3112270.1	2831882.9	1674922.9	2480446	1253192.6	2217574.4	1341399.6	1119761.8	2755349.2	1518271.8	1525294.6	1056500.4	1507428.8	3136228.8	1731567.4	1615333	1642956	2413213.4	1119011.5	2551341.8	1878282.4	2466454.9	2856286.4	2629785.1	1576982.4	858562.75	1017683.1	414928.42	1918896.5	1864079.3	4559010.7	1639156.5	1632041.3	1137837.7	1237516.7	2535185.3	388266.85	2258638.4	926589.55	2518141.4	4782794.1	2633009.8	3656143.8	2719135.2	3800087.4	3963390.2	2577671.9	2932247.6	1048801	3305945.4	4466035.1	6385413.9	4065567.8	2742273	4857435.6	3418449.7	4528973.5	3140403.8	3831951.2	4275849.7	4068567.8	2784782.3
Dihydroxyacetone phosphate	6807193.6	13670392	3974044.5	16335708	1316611.3	4113363.2	6332694.2	7124311.7	684471.33	717391.79	2502709.6	2827141.5	2098039.2	1345529.7	7766714.2	13230549	2713460.5	2497981.7	3011568.3	2751522.6	2754404	1837870.7	4832362.1	6731083.9	1486053.7	462470.25	2068335.4	2023714.2	1079004.3	3954890.5	2771973.2	2599286	634343.7	3341654.1	1853735.6	1265230.3	9193138.5	2773207.7	2247837.8	4052130.3	1774425	3531713.2	4683887.6	1069473.6	14100312	2071325.3	3142836	7632753.7	3865933.3	1467556.8	2139323.3	1750244.5	1684162.1	4031403.9	576235.04	2689224.5	7115617.5	1917003.1	1318087.6	41328434	9993208	2779259.3	1107523.9	2263467.6	2951273.7	24342840	4528371.5	3520710.8	4989436.2	2357441	8835630	1402738.3	3913704.6	10543017	2271380.1
dimethylglycine	16303440	15736858	26864460	44653104	35716306	40817920	16951788	1.9578733e+08	2.1643658e+08	23738787	21307490	77915071	22330912	13317452	46776416	29665074	36586898	31505330	27428349	62323544	4064106.7	28988084	86696724	18308091	1.1965007e+08	65491715	2.1684003e+08	2.3537437e+08	32333955	1.662571e+08	2.1481717e+08	64314617	1.5871991e+08	38881540	1.6578797e+08	2.9982593e+08	87712230	1.5810851e+08	21950975	1.0461882e+08	38827351	1.1918354e+08	96241774	39522034	2.0763692e+08	1.4512255e+08	67742486	96019396	3.9815562e+08	54200522	61341637	1.0572155e+08	2.5284828e+08	2.0704643e+08	83419100	1.299384e+08	84135127	77698624	1.0299819e+08	1.1154838e+08	3.1649597e+08	3.0081389e+08	1.7316276e+08	3.0368275e+08	60176732	1.2610802e+08	82662416	2.9532167e+08	1.1352118e+08	1.8525245e+08	1.0122762e+08	52458180	1.0053746e+08	85487235	28724806
Diphthamide	8394494.1	161256.26	5979863.7	10186778	5517106.9	12133136	4992163.5	8537822	9102699.7	6103274	3408710.6	6942507.8	9095796.3	5735860.6	194506.64	6920738.7	3936992.2	5397018.4	7776154.5	6105082	4511152.7	5549372.6	3407524.7	7010851.9	7540283.8	4600465.3	6563105.7	6898405.9	3678416.4	8949520.6	7376341.5	3459002.3	8841627	6029667.8	9398955.9	8655711.2	6660480.4	6320676.8	2817102	4714588.8	5253088.8	10059744	13616068	7040252.9	7221911.1	5215696.7	13230549	13024971	6739575.2	7888516.3	3699880	8002308.8	8455595.7	9323638.7	7338498.6	8375855.2	8264746.2	12316969	6380753.6	6441224.5	10071578	3319564.6	8224876.1	4540867.8	9227994.2	7167087.5	6786079.3	7233614.2	6724776.6	12359002	6886801.4	12043580	15031625	11187836	6883220
dTDP-glucose	285819.72	167451.16	250330.5	217356.67	174189.49	436450.18	120428.65	143883.46	150879.43	240008.51	259170.3	181387.73	417546.74	419941.97	480701.07	180467.75	283897.89	79606.195	182341.52	199892.87	270758.75	58523.043	5473.8679	348764.45	161413	243103.59	88554.841	107845.27	72994.626	245833.63	196168.2	4783.8428	289951.9	239799.57	183226.71	212045.14	265459.07	386528	61746.966	114180.07	318362.89	124142.45	140468.7	5502.5596	215162.01	124177.62	215771.17	253146.66	295121.59	244779.42	56672.299	139830.72	344687.65	269703.03	142069.13	430683.93	240134.43	208567.43	309368.39	21631.93	92502.168	12564.482	127343.41	261211.74	235906	275501.39	87808.038	118427.97	268441.79	166928.73	177839.76	219751.61	135441.14	219319.93	208312.69
Ergothioneine	8.0558173e+08	5.2268851e+08	4.6820916e+08	2.0672733e+09	6.4938739e+08	1.2005271e+09	4.8543755e+08	1.3541957e+10	5.4678714e+09	1.7322899e+09	1.0027054e+09	2.8445185e+09	2.8421161e+09	1.0513778e+09	5.1521849e+08	1.6951471e+09	3.5896579e+08	3.386823e+09	3.8977128e+09	7.7367158e+08	3.8068848e+08	9.9646538e+08	2.9234942e+08	5.0347252e+08	4.030318e+09	2.2512777e+09	1.9132944e+09	5.7535958e+09	1.0508535e+09	5.6804511e+09	1.0740859e+10	68719727	7.5391958e+09	1.0553561e+09	4.6183792e+09	1.9400501e+10	3.8696572e+09	4.0135237e+09	6.332012e+08	7.2236804e+09	7.7654703e+08	3.3190353e+09	8.7075891e+09	4.7629118e+08	6.2291077e+08	4.74067e+08	1.76487e+09	6.3353004e+09	4.162536e+09	2.8103974e+09	5.6530528e+09	4.0366412e+09	4.9305415e+09	2.5141352e+09	6.9000984e+08	6.5835458e+08	9.8558292e+08	8.6471049e+08	1.6767147e+09	1.9122579e+09	6.4516486e+09	9.0244167e+08	4.2180671e+09	3.3260491e+09	3.4647209e+09	3.0953786e+09	7.692197e+08	9.3870104e+09	4.7030204e+09	1.7435525e+09	1.1019716e+09	3.6317202e+08	2.0763171e+09	3.7858633e+09	4.0911088e+08
Erythrose 4-phosphate	1057629.7	5941770.8	746107.57	913376.83	372557.41	575162.32	927673.6	589100.05	50723.429	98251.224	1822842.4	420414.83	406444.04	579238.36	1116049.3	1445190.6	240238.38	222171.94	539834.27	2670732.1	3122895.1	2593805.9	937873.64	2161038.2	629726.86	1024243.6	1176695.6	265304.46	2145040.7	1315165.1	736085.86	900266.17	237873.13	2013084.4	237659.73	50645.529	1463839.2	1748151	1243746	181874.03	413317.58	61189.244	8773.5208	5820.034	1006884.8	1003470.2	288176.67	373391.47	805848.07	34035.269	184704.04	5519.7791	66481.221	82059.088	5914.6809	4975.0461	295945.61	55504.429	6878.3135	965230.92	114990.88	13289.4	12750.016	52870.932	10472.865	220979.37	6593.6583	6057.4262	4656.93	6258.437	114941.88	5793.7629	6276.1153	164625.77	4999.1252
Fructose 6-phosphate	80517014	1.6051009e+08	1.2120683e+08	66182506	1.2237639e+08	61365552	55769425	43769304	16305461	58696138	62378031	23754611	72028460	91594963	1.2658773e+08	1.0310033e+08	72257141	43873780	68681533	42294493	94779196	41679463	42906540	35003955	23499631	29604750	25743927	13230549	23033667	16983231	22028282	19535673	8602776.6	18501483	14789041	12933937	39142926	16363483	34817738	24494893	37197496	16483050	14806076	79158353	30119682	33896141	16792811	21817164	28601449	14524281	32247064	18136537	14827117	20900197	24450605	33239936	21513791	23207349	29288877	38363922	28923007	19680376	24816199	17744926	35429091	29341605	19584599	22868137	27982633	38256826	28498705	25197382	34710813	54392109	24002742
FA (20:2)	15524541	7188342.9	4245734.4	14228201	9288339.9	21113670	8497365.5	16524488	5271969	21391625	22854137	5224673	14769104	12190614	9862075.8	2979446.4	11702902	11069584	27560784	6640142.7	31731813	3166218.9	13185360	5231769.7	9684337.8	10270596	5521988.2	10569655	8836358.9	9674839	6559416.2	8219887.3	15289203	12366559	14727308	10478496	3729872.3	8899599.6	8236623.8	10797867	11001261	12199099	18549365	9684582.6	9622970.3	9664672.4	2442466	11889825	15768569	14460347	26884191	8339211.4	25868803	13715810	9617643.5	5285766.1	5371335.5	5431318	10105146	8038698	8984563.4	13210788	6892168.5	23347292	7230568	4392096.9	5880049.8	9220015.5	18191605	7587623.3	11728731	7965807.9	11312720	6444866.8	16185668
Fructose 1,6-bisphosphate	5542974.8	19626702	4336392.8	5102291.8	5299971.9	3838157.9	7271184.2	4658795.4	2456089.2	4721628	10980661	5668448.8	4889838.4	11112930	9804244.5	9221779.7	8425154.9	4133325.2	5919353.1	7545815.6	15537983	7078573	11665791	7998179	3031174.5	5955968	3780465.6	5122440.7	6004847.8	4445620.8	5725754.9	6346626.3	3148817.9	3638294.6	3396943.4	4557893.8	14561029	5140176.9	10548142	3983578.3	4871672	3553641.3	6327864.6	1.117942e+08	11572638	6289874.5	4898954.7	3619701.6	3790440.6	2288987.4	13271177	2685641.8	3749195.1	6201611.4	3119603.5	5675564	4897153.6	4788303	5525841.9	21955118	7469488.7	2548539.2	5193970.2	6102178	9678665	15081652	5493821.1	4404272.4	7527592	5713985.5	5574461.8	4063618.4	3719739.5	8419689.1	3984318.7
Fucose 1-phosphate	10720452	4278738.9	4680214.1	4453490.6	11729092	26334019	9190800.7	2053792	3892396.4	22757937	16540684	5607499	15087644	17760592	7445656	6846173.8	16799411	10358749	16248922	1104991.1	4993446.4	1169241.9	4753206.2	619128.38	4907849.1	330676.85	2076704.2	192476.31	1560006.6	3254284.3	2178231.6	306078.65	1076547.7	646087.66	498570.44	2765351.4	1503182.2	2977418.7	596546.26	1915930.7	1230672	35765.2	657467.45	996001.51	486096.91	2710494.9	2909396.4	3770447	1893130.2	1408369.9	907601.93	5682682.6	4245063.2	5421715.1	405366.51	8046819.5	2285168.2	1178640.8	1711937	551381.12	1264841.5	172997.72	990898.67	2679409.2	2577913.2	2305254.2	1122744.1	514676	1257653.7	990800.94	405619.16	1505731.8	2979617.6	1800042.2	1942814.1
Galacturonate	2021240.6	2539638	1881393.9	3301611.3	1881210.8	3400526.1	1243169.7	1418114.7	2085132.8	1366383.1	3132483	2644958.5	3059033.8	3123783.6	3026202.6	2561965	1193086.6	561397.57	3432525.4	1784706.5	2496387.9	1719940.5	1184382.2	2955736.2	1711696.3	1480203.5	1703861.3	4026798	1399268.9	2017308.7	2674750.2	328722.49	3243615.7	1887684.7	2240960.3	2082334.8	2755013.8	2078347.9	972766.75	1712815.3	2666313.8	3141690.3	2123763.7	8794490.9	2603051.3	1760715.5	6933489.2	4041491.1	2809282	2642805.4	3866263.1	1711136.9	3214190.3	3217834.2	1170905.8	3871377.3	4980819.5	4053848.5	2423671	4516773.5	4436624.6	2004874.8	5909806	4945682.8	2762849.2	2420678.6	4121684.8	5735698.2	7485767.6	2490055.4	2774595.4	9978380.3	4799319.7	8428506.4	602067.33
Gamma-aminobutyrate	25770110	9170072.5	27806299	35876610	21688780	33757480	17427103	51487224	42360036	16354590	9308181.3	48706162	24850364	29301307	17131872	26827156	31754810	25096319	25049281	29686974	9083159.6	26224638	30187313	44031786	3741370.7	27850564	65845341	53407386	71956937	42989614	53468712	25040348	41103805	41118513	27979136	70627390	35386362	3612877.9	23230257	54101583	25078400	81978135	52818770	25502182	56490366	30588424	53300392	37330625	37971817	40060393	31387772	78813472	55500257	55888180	22584826	71288075	60141952	70094506	55126627	29094626	57331672	63390381	1.3708452e+08	78718234	94506439	96564661	53947430	66626676	22802436	40734619	64805545	45485626	54224591	59978918	38237465
Glu-Asp	4457279.9	5970975.6	6817822.5	7194021.5	7813483.4	7992224.4	3349997.4	3037290.2	4557809.1	5330498.3	4177283.5	6175261	8463504.8	6376707.1	5776910.3	7864303.3	4462159.9	3753827.9	8482292.1	9910269.9	61241596	9126667.7	16770736	17755445	4938359	7146751	8850539.4	5132220.2	6193130.1	7643720.3	2910736.9	5370376.6	3563334.3	13230549	8330267.6	3225097.5	2838321.3	4045996.4	4358654.3	1733919.9	3813208	5404588.1	3733253.6	1842996.6	2226504.1	4207519.9	3537573.4	7678666	6243223.5	2015476.8	3.6933054e+08	3504344.1	2512137.3	2863710.8	2609466.6	2784958.8	4008258	3368544.4	2217675.6	3261483.3	3053911.6	1885853.4	1994828.1	2155213.9	2421908.5	1933295.7	3819508.6	2.8313285e+08	2712107.2	4519087.2	1.3172948e+08	1.9637367e+08	11836442	4165538.5	7872035.7
Gluconate	65658942	39274132	43990967	1.1141827e+08	1.4040329e+08	1.2046738e+08	35173686	56118586	56780207	87575235	2.3456751e+08	83052632	1.1273208e+08	1.3508771e+08	1.6833555e+08	1.1863665e+08	2.4033096e+08	1.2591328e+08	1.3499593e+08	44893011	2.3116265e+08	52478509	1.2294884e+08	72231552	91647642	1.5790573e+08	23624719	1.0858649e+08	2.3589145e+08	45445780	1.3986363e+08	1.8241388e+08	1.7129368e+08	52450460	63258944	67061250	1.3787143e+08	1.1275373e+08	64849034	1.0460828e+08	4.6989475e+08	55322855	98209103	1.1225542e+09	1.3041996e+08	1.3115883e+08	2.9478347e+08	89554083	1.5265524e+08	2.1219501e+08	1.3640107e+08	75282804	2.0632663e+08	1.5015943e+08	99260359	3.806244e+08	59733866	1.7766037e+08	72835031	84023682	66786997	40795123	1.2279942e+08	2.0714293e+08	2.169832e+08	94225682	1.2917016e+08	1.7091701e+08	59067524	3.1643693e+08	61398038	1.5129195e+08	2.1459831e+08	1.1686293e+08	30117068
Glucosamine 6-phosphate	584386.82	734749.98	719843.56	634124.84	776214.97	1222829.5	338965.02	980238.32	959502.07	902212.61	617172.25	1047475.5	990894.92	863794.18	1044335.5	941876.57	719766.17	702146.53	1102153.9	391954.49	751674.95	582974.55	915267.2	826555.68	1028928.6	463463.78	656054.61	482368.92	900040.69	605680.87	728402.67	989699.22	1286102.3	1031027.9	1009145.8	555762.28	531080.91	716012.75	978420.56	516609.6	752682.96	574243.94	2323886.1	1763413.6	463061.04	697961.3	771528.44	928762.55	668145.94	768202.47	949109.32	892108.27	651073.95	1210782.1	581462.44	928956.07	1672457	835947.21	935262.82	778834.2	2885072	383500.45	529788.34	912128.2	804918.13	760304.77	697651.27	2294083.7	1365669.5	1026003.2	1629229.1	743664.11	1122964.7	563519.28	920497.21
Glucosamine 6-sulfate	16122605	17338957	21875854	28486744	26017355	44687606	20666780	53127253	40629176	33759116	21302884	40635673	38293088	24479846	27534531	21898266	38555270	27865509	35930031	29896937	18381241	25563542	28281189	33987147	27703542	30868106	36481680	59530667	29044667	37690369	39587877	22143395	39846257	34182032	34929778	40747211	43903645	37591174	24465065	37345142	38955420	49689083	46202013	12964085	41821369	38291336	29835573	38457283	37061679	43738187	43455186	26983401	55852557	48293912	60229672	23323181	44017284	52827274	42727579	30998307	39598880	13230549	53024896	40718032	32663109	48646750	44403086	42994817	26687225	40563029	51656412	33793221	39386776	35976091	52925342
Glucose 6-phosphate	1.2927428e+08	2.3970849e+08	1.3694446e+08	1.0481153e+08	1.2863041e+08	99781269	71687273	89968067	15385228	60622194	70675201	20808704	71955265	71821685	1.4852962e+08	1.1269067e+08	55036692	63709421	78237817	22612198	33461569	39798759	41536803	35526814	28064322	27588858	26660684	13509595	16094326	17638032	36533254	26390217	8712487.7	15830158	16873653	17509189	74281526	13866926	33877644	35319055	43613668	20746872	22285272	1.1953525e+08	49914735	31420147	23919952	21817164	36800845	29574603	20206551	20808689	18928732	26893087	26390157	36542259	41754961	23264964	43840798	41790369	50700343	15942287	43179956	29008849	63743933	48806885	26008940	38065660	24050607	47799887	44111998	22699209	43083373	74535778	16450558
Glucuronolactone	116392.56	194970.01	380907.26	177044.26	212086.46	180421.45	245599.42	624402.35	391245.68	355904.15	68695.159	523236.31	292145.58	196409.92	549134.65	476264.86	303675.05	247941.12	302202.52	634805.16	1580694.3	771935.91	618842.73	752285.25	1080005.7	686923.66	992239.56	1540930.4	256459.43	915442.1	912216	528545.71	614477.79	528816.61	801691.89	605470.95	831477.12	1527068.9	554332.87	938638.06	1029990.5	982152.78	863296.96	770472.13	1042849.2	510130.92	1033474.5	830777.43	407383.51	1084207.7	543875.88	505381.32	798690.95	926203.26	383717.36	1125257.9	341294.98	970841.42	521568.45	311691.27	644357.92	1214945	677630.04	318801.81	1021948.4	671659.89	456260.95	541267.78	458911.16	874287.83	491854.52	426315.12	435582.8	1861143.1	425583.51
Glu-Gln	51666805	47406804	17106158	10155728	7899579.1	9704711.3	48078375	6588238.8	8732284.5	13560149	50995172	12708554	8768235.1	14509867	14240363	18182387	18640323	10706844	6092582.2	3841951.6	13230549	23513216	11533327	10283094	8122863.5	14732117	379984.34	19571620	2535980.3	7111681	7954544	15061462	394026.41	9412747.2	4611461	7203998.1	7858821.2	7798912.1	8930950.5	6027452.8	7750058	5984212.6	455090.99	3725646.8	6539177.4	9290385.5	3124117.8	7661922.2	12194859	11932720	11356891	5688013.1	376621.56	7646918.8	12960925	9196304.3	4907361.2	8414285.8	6522169.3	4713663.9	4168750.6	689334	3306777.7	14926946	23373542	14411400	11840684	7465203.6	12160690	8291861.4	11286925	8224587	9302981.6	12094293	65303854
Glu-Glu	2999467.9	520556.36	308251.94	411600.91	222107.5	205536.4	1929147.7	453599.78	324684.39	313584.68	593064.21	711488.05	354686.09	614375.67	331581.48	278128.19	639311.05	163007.37	209065.73	301339.77	1165676.2	535471.56	171588.04	790960.28	519371.24	438399.89	291004.18	608611.6	339255.83	507773.17	548435.79	182835	532064.77	309802.97	398899.07	453869.4	444951.97	363155.93	462401.33	387692.28	301481.03	489784.64	560328.03	149673.42	838658.06	321555.8	825063.95	353174.18	569502.2	489558.9	1001149.5	433065.67	756410.95	896964.06	701248.92	707217.89	779804.36	572295.95	605149.17	689931.54	1607656.3	311880.32	736319.56	613715.95	1925128.7	1064827.6	350699.23	889659.59	927605.87	868479.2	796305.26	1061830	597115.98	1784132.6	1817055.1
Glu-Pro	8644573.8	2216863.6	2573583.8	4080551.1	1783298.9	4710883.4	4867060.9	7225557.6	6799963.3	3609463.3	1669321.5	4606236.3	3563933.1	4172230.8	5094678.4	3910303.9	3737928	4466603.6	3822424.1	4907921.1	1358533.1	5283317.4	7130954.8	8288208.5	6340927.1	4620686.1	15006899	6514563.8	5136212.3	5714339.8	6002429.8	8581052.6	6244475.1	7558521.4	4599170.3	4684258.1	5423531	5053623.5	5406962.5	4876686.7	6840182.7	9565250	8176018.3	2828623.4	6637201.8	4920661.6	4721565.7	8023910.3	5392751.8	6961900.5	6482691.3	4594547.3	10057523	7379933.3	6503572.4	7160265.3	6580374.1	7663213.5	7193418.5	12247289	6343184.2	3992196	5299826	13230549	8314256.1	6349708.3	6115552.7	8217438.5	11467032	10160635	8081224.2	7904039.4	5165012.5	7780437.5	6420936.9
Glutamate	2.4674679e+09	1.9562188e+09	2.4318858e+09	1.9725835e+09	1.9164884e+09	3.2240539e+09	1.6695381e+09	3.6114211e+09	2.6134661e+09	2.7748193e+09	2.7491217e+09	2.2066796e+09	2.5165206e+09	2.4020704e+09	2.3848126e+09	2.4691699e+09	3.0280671e+09	2.3675752e+09	2.6074299e+09	1.991508e+09	3.0262296e+09	2.1409568e+09	2.3220416e+09	3.4450457e+09	2.8499959e+09	2.1438634e+09	2.0786882e+09	2.5972785e+09	2.1123985e+09	3.3079247e+09	2.8443322e+09	2.0182514e+09	2.8343092e+09	2.9583062e+09	2.4800257e+09	3.2603568e+09	2.6569006e+09	3.5474292e+09	2.8096507e+09	2.1411176e+09	2.8511129e+09	3.2280667e+09	4.2343419e+09	2.2047114e+09	3.7596949e+09	3.2000448e+09	3.4416469e+09	2.6798324e+09	3.4638748e+09	3.2031441e+09	3.6067823e+09	2.7191073e+09	3.8940801e+09	4.3887161e+09	3.1343194e+09	3.4270204e+09	2.7361876e+09	3.3214223e+09	3.1844334e+09	2.16212e+09	3.8206618e+09	2.1664862e+09	3.075862e+09	3.4284155e+09	4.3115684e+09	3.7124689e+09	2.9203246e+09	2.7721166e+09	2.8092254e+09	3.4306702e+09	4.019273e+09	3.5902543e+09	3.3268158e+09	2.5510049e+09	3.1146729e+09
Glutamine	5.2226809e+09	6.8812174e+09	5.8512962e+09	4.9308497e+09	3.0347014e+09	5.9673316e+09	3.3550386e+09	8.2189064e+09	6.6197228e+09	3.7285867e+09	7.6814265e+09	5.9781007e+09	5.0158911e+09	4.3679047e+09	5.4918675e+09	5.9655074e+09	4.3189416e+09	5.3365538e+09	5.1819239e+09	5.0574158e+09	3.3244419e+09	4.9242751e+09	4.6123896e+09	6.984516e+09	6.5295523e+09	5.818556e+09	4.2510446e+09	4.6611307e+09	2.9711125e+09	7.5442112e+09	5.6670117e+09	4.1042221e+09	7.3872887e+09	5.6774362e+09	5.8936726e+09	7.6197089e+09	5.7467792e+09	7.8755134e+09	5.3170683e+09	5.2028647e+09	6.0202813e+09	7.6324196e+09	5.5493304e+09	6.8777767e+09	8.862367e+09	6.735083e+09	8.5203889e+09	7.1705415e+09	6.5021029e+09	7.3843495e+09	6.8785027e+09	4.1323382e+09	6.9935604e+09	8.2703724e+09	6.2979935e+09	6.1699691e+09	5.3698892e+09	7.0834626e+09	6.5571234e+09	3.9504201e+09	4.1932918e+09	6.2666146e+09	6.9531532e+09	4.8604409e+09	7.5767391e+09	5.9838375e+09	5.7452006e+09	3.8253526e+09	3.8804783e+09	5.1615106e+09	6.9161858e+09	6.2505378e+09	7.0339839e+09	5.5879188e+09	4.9477717e+09
Glutamylcysteine	383610.35	359699.62	5296136.4	653258.37	595271.77	200087.84	1309910.9	1354195.7	899920.5	282299.09	7520290.5	1236747.2	554889.33	616808.3	542335.25	678058.84	331353.04	433198.29	526913.02	1181998.2	200633.12	625055.56	524212.75	457702.29	919416.3	839112.59	1237263.7	1307635.4	493092.81	1801118.6	1551457.4	1057226.6	1309439.3	499905.52	2368399.6	2469154.7	309572.58	498649.91	540331.69	1494554.6	628297.14	1176748.9	2138706.1	658700.57	1779745.1	1451225.5	3387124.3	2078770.4	1266858.8	441633.88	841944.04	413275.17	695332.77	1286645.7	854788.31	693004.82	492791.46	2255766.5	1437184	589612.85	1704209.1	4165115.4	3108049.5	1099042.3	565296.57	940077.94	2066560.4	3164160.8	762213.65	1961496.5	1217294.2	918018.15	1016302.6	1160183.9	783403.81
glutamyllysine	9590258.7	30911686	16118676	13230549	21646246	11204919	16951788	60367761	69487532	5774299.5	8773672.2	43286151	24360995	16121126	9490867	9182046.9	4625136.2	7403752.6	7939785.2	94559860	25722194	28988084	19153927	58585893	1.1083375e+08	50142094	1.5306355e+08	1.438399e+08	9700186.4	1.5240235e+08	77572869	8810221.5	1.163946e+08	24439825	1.1368318e+08	77602005	51595430	69324500	10131219	14945546	7765470.3	43750920	33608239	11147240	48942989	3095947.8	30305849	28706830	54293948	6423765.6	8659995.8	24988731	9481810.5	16267934	5355300.3	5803915.4	8894284.8	21304461	11018411	5577418.9	17042091	22213949	51060813	15907192	34647209	19489421	13777069	39024650	6568011.3	7192154	6406811.7	13114545	18577574	56177326	11315833
Glutarate	9163908	200280.13	5777390.4	5422341.5	3148804.3	10973634	1414622.3	8102611.1	3712020.6	5868950.2	223321.86	3498554.6	4362260.8	2350407.7	4002421.8	5100634.1	3408786.2	2241962.1	5558758.9	5079332	12801132	5313845.6	6992345.1	326205.24	8174072.4	4935402.3	6757026.7	6264765.9	3561745.3	10760277	3773724.3	3926754	3759095.3	395870.62	9403827.8	628489.64	5265589.5	4335236.4	3686097.6	4793407.4	251566.58	7752430.2	5759788	5574188.8	6345267.2	4413596.9	8900106.3	352748.43	2875363.8	357674.16	5470037.3	5175547.8	2295774.8	527008.43	366993.47	2280265.8	3375630.1	4138040.3	426784.84	1975181.5	2686196	824579.23	7379670.7	2576610.2	649819.16	4279010.1	13230549	375850.52	3298485.8	45244502	456614.62	359490.76	5365060	435192.19	3797334.6
Glutathione	4.9729748e+09	2.927491e+09	5.4331713e+09	4.4434122e+09	4.8329765e+09	5.6312302e+09	3.4863075e+09	8.2033116e+09	6.2771041e+09	5.8051378e+09	3.698756e+09	6.8819603e+09	5.8993919e+09	6.4991994e+09	6.904627e+09	6.6062043e+09	5.677204e+09	5.5073192e+09	4.6681255e+09	4.8425534e+09	5.1322319e+09	4.0555243e+09	3.5119331e+09	5.221984e+09	5.8848088e+09	4.64846e+09	5.1477e+09	4.6851354e+09	3.3655329e+09	8.2932084e+09	6.2002419e+09	2.7063323e+09	5.7306123e+09	3.6462574e+09	5.5245718e+09	8.1851972e+09	5.7808343e+09	6.2399982e+09	4.1239195e+09	4.5951148e+09	4.2374107e+09	5.7830012e+09	6.2068354e+09	7.8017556e+09	7.0370101e+09	4.8112602e+09	5.5039755e+09	4.8928551e+09	2.3266133e+09	4.4572296e+09	3.0376558e+09	4.4833562e+09	7.2713331e+09	8.6135682e+09	6.056759e+09	7.60392e+09	5.14774e+09	6.0398073e+09	6.5093266e+09	3.9067177e+09	3.8616405e+09	2.9793074e+09	6.6103756e+09	6.9105465e+09	7.3032099e+09	5.7642199e+09	4.263993e+09	2.7567374e+09	4.7288022e+09	4.9661753e+09	6.159658e+09	4.2124843e+09	5.3369924e+09	4.8244399e+09	3.9982846e+09
Glutathione disulfide	1.3464305e+08	3.3778508e+08	76267260	54740597	1.0515743e+08	6.324706e+08	38604782	55656760	64153666	1.1781256e+08	5.7733834e+08	55740565	1.1136657e+08	1.2889973e+08	1.2336442e+08	1.2260829e+08	92900898	97444612	1.8130119e+08	52567238	1.9933937e+08	49179043	1.0194097e+08	61123630	48398425	53929743	45385108	45611691	33170154	71037570	49386082	27423076	51105948	48030230	55464824	47771880	39153630	57745083	68236854	30342474	78328556	67636111	44174505	6.2450033e+08	48213814	83774543	47204754	96621786	55295346	37933468	29630580	50549609	55523791	60198030	66088285	84719921	33893831	65230284	53452084	32537615	31775620	43111733	40068152	47747877	40237751	40964027	47879382	30730675	75791281	33469230	49786194	1.1049947e+08	64449409	31007934	38761393
DHAP-isomer	1377034.1	5858021.9	2601047.4	1822676.6	591337.35	744859.25	1471752.5	6858149.9	823180.75	834887.23	1982474	2308195.3	2111908.5	887327.73	3795424.6	5385387	2593541.2	1873919.6	2257481.9	4178496.6	517643.68	3765944.1	11420641	21884245	1165948.5	1179534.4	1960739.5	2179259.4	1821664.9	4852183	2841236.2	1063857.8	1504169.8	3097534.6	1890226.7	3033849.3	13230549	3506524.7	2579583.8	1673641.9	1160677.4	5681284.4	9843282.4	499908.43	7113213.5	530132.68	1546630.5	4331668.3	904541.97	730553.48	2922212.8	1053536.5	2050841	7444597.6	2384825.4	19892369	14541103	1537142.1	3459133.9	44765947	10367569	265128.57	2263452.8	4075606.3	13609561	23797063	4709041.3	2804486	18741380	5939578.6	25150915	1641817.6	19921036	15919446	7874220.7
Glycerol 3-phosphate	4287053.9	4161287.3	6406513.6	4969161	2536436.5	3904646.1	1758905.6	3474452.9	926418.72	2718215.4	1728490.5	1483046.2	3376258.3	4523823	5466560.7	6051139	2455337.7	2367566.6	4799796.4	1204463	1370639.6	1430242.4	3222421.2	3863086.1	1377375	822480.56	1814258	1434313.5	1512517.1	1912848.5	4825473.6	1122709.4	1300327.3	1718534.6	1191079.6	1602549.8	1736406.1	1305900.8	2305860.9	2831168.1	2749739.2	1487262.4	2603568.7	3235700.6	4588323.5	834123.69	1499814.5	1700510.1	2080659.5	5871814	2995092	1202442.1	2660054.8	6355856.8	1537158.3	4507451.3	4895401.9	1421391	2440805.6	5826189.4	6596032.4	996960.63	1107217.1	2186370.6	6744336.7	10747986	4395809.7	3734587	7272275.3	4893208.8	6321737.8	3737366.6	3320554.2	5063298.8	3066671.1
Glycerophosphocholine	2.4115063e+08	1.1882736e+08	2.5589833e+08	1.6154784e+08	2.8381295e+08	3.6599318e+08	2.3135022e+08	2.1732815e+08	1.2047455e+08	1.4153057e+08	4.4635022e+08	2.0932062e+08	3.772272e+08	92910552	1.2448621e+08	1.9336853e+08	1.1032174e+08	2.1430875e+08	1.2803071e+08	1.1123449e+08	2.2863003e+08	2.3094348e+08	2.8129243e+08	2.9596489e+08	7.5055287e+08	2.1158072e+08	2.4839615e+08	2.91151e+08	1.8023857e+08	3.0034554e+08	1.9340539e+08	2.3817248e+08	1.9634574e+08	1.7965455e+08	2.9247996e+08	1.0595511e+08	2.3691772e+08	1.6662686e+08	5.0055911e+08	79749879	3.0939199e+08	1.8636644e+08	66349447	3.6710138e+08	1.0189327e+08	2.8754789e+08	1.3277885e+08	1.9081719e+08	2.12578e+08	1.0312026e+09	82420643	1.0448272e+08	2.5528259e+08	2.7767425e+08	1.6891839e+08	3.026114e+08	2.4627066e+08	1.4133732e+08	1.0082278e+08	1.165745e+08	2.5544971e+08	1.8549431e+08	1.0909776e+08	1.4048589e+09	2.1713164e+08	1.4757478e+08	1.366747e+08	68311026	1.1816675e+09	1.2135818e+08	1.586118e+08	1.0535557e+08	2.3845954e+08	1.3667038e+08	4.2975912e+08
Glycerophosphoethanolamine	3542035.1	1854508.3	12422320	2933127.1	10169587	10624868	4041138.5	2380022	6074198.1	9701065.5	7871507.1	5850348.7	13426782	3710326.8	4469802.2	4782872.7	10621768	10934950	5321361.8	4952177.7	13290072	6050790.2	10996414	3104165.8	16344863	6967853.5	5738632.1	13272007	6245289	9323199.2	3737146.2	8332913.2	8990126.9	8720103.9	12191869	2724844.5	5004493.9	5535195	10468660	286787.09	7221283.3	9471857.1	1944678.6	27781860	1707558.9	9241278.5	3738908.3	1910266.8	12044728	31833730	2201655.9	2650649.6	7719987.2	6013579.3	3175698.2	3324447.4	10448854	3729504.5	2422501.3	3619669.5	7623049.9	7252848.2	2756275.1	35224831	4929137	2984547	3748741.9	5608417.2	43579496	3007135.7	295053.67	3797069.1	10862020	2935174.3	16935084
Glycerophosphoglycerol	2356799.4	898057.43	3955941.8	4284251.1	2205312.6	1939648	1218059	15319414	12784165	3496047.4	1188095.6	9401738.3	6599092.5	1894691.4	2595968.5	3495031.4	2089434.1	6361640.9	2773545.1	1578761.5	1460417.8	1278288.1	1420098.6	5194338.8	8135737.9	1483292.6	6009864.9	13840939	2649443	20621984	17927873	1202314.6	18241974	1723969.9	18924132	28080125	5369861.7	15244397	984351.88	3064025.2	1875198.6	7840032	13230549	7251829.7	7369670.7	2903800.7	17600352	3437266.2	2278666.1	11060427	3089917.5	4947581.8	9812194.1	35237530	3795557.9	5899549.2	35076305	3732667.9	11742692	4558143.6	21779629	1697085.8	18300335	37275189	33364832	10191108	5450669	4740054.2	9437302.9	7237723.9	5792819.4	2511997.8	8435712.4	11712556	7467823.8
Glycerophosphoinositol	12057419	8374509.7	7734241.9	12953525	7779895.8	12513863	4960398.9	7747454.8	7631661.9	6871548.6	6054399.1	9165277.2	15041464	9102019.3	9184610.9	11003373	5114768.9	4726225.6	19273837	6738687	6598670.9	6203797.8	4853593.1	9998937.6	4437298.3	3755125	5346878.4	8962841.7	6426025.1	7649172.1	7655606.7	3740050	10158000	6497029.8	9127595.3	5323520.4	4075488.2	4425320.9	4191298.1	3872916.5	4352635.8	6866373.4	10512353	3924894.7	4936671.7	5252024.8	12926748	14214159	5232686.9	8865668.7	7291301.5	8202756.6	8423237.1	11495161	4893303.6	8481253.7	25292535	8379081	5986708.5	13121165	12987754	7792058.5	11018435	8124919.1	6796057.3	7372943	13073150	8019469.6	25484502	9293871.4	6253141.7	11691504	16169820	13169310	4281314
Glycine	1.0735999e+08	85376960	88827664	61077488	69941105	1.6655122e+08	57689182	1.1361782e+08	95325866	91231705	1.4370723e+08	1.033579e+08	1.2295578e+08	98281328	1.0549095e+08	1.0230506e+08	77883713	88742984	90884621	75467996	87308436	65649452	63065372	1.1529834e+08	80516294	73588952	71871441	1.0763002e+08	75123968	91386322	81527356	42525913	68738168	58380588	77226032	1.0666968e+08	85223458	87178795	77791161	67512276	1.0649807e+08	98557067	93971807	89594795	86764518	64358020	1.1142259e+08	79559161	54579758	92965043	1.0886851e+08	58628764	1.4233456e+08	1.4413044e+08	85663330	1.5240743e+08	1.1814368e+08	1.0451945e+08	1.1030082e+08	71710278	91839503	50136940	1.2667222e+08	1.2735763e+08	1.8314544e+08	1.1072435e+08	83737918	1.5799783e+08	91282924	1.1715313e+08	1.1269393e+08	1.1476499e+08	99860536	99200343	82342417
Glycineamideribotide	5908.1393	28992.848	32671.815	5094.227	3333.8266	4930.6151	4746.9343	116506.01	7017.743	3952.5484	3860.7686	1763636.4	4168.8179	4318.0527	298282.35	614401.54	4252.7526	4852.2643	4446.6861	108790.96	131192.18	46378.023	328666.29	5639.4075	39615.835	425458.34	1209266.5	123802.66	35345.286	8535.3114	309703.92	526883.07	40741.836	226645.32	196190.69	323706.36	7946.4224	7492.5956	664466.76	7672.748	318335.97	807534.45	1328993	6243.0252	951112.56	41995.21	10982.417	3636732.3	5574.6881	6183.4395	7409.7847	5920.9481	7788.4388	9110.8754	453824.63	5336.6248	98860.652	59586.33	45242.383	542625.84	7499.2052	808798.32	13676.668	8908.8414	11234.017	548177.03	7072.8753	689199.35	1315161.1	6713.2906	190039.73	63198.394	174293.36	7523.5643	33226.895
Glycylglutamine	1.7262466e+09	4.2152299e+09	2.4561792e+09	3.1422554e+09	3.7339775e+09	4.4019326e+09	3.2362504e+09	1.9578733e+10	4.5565595e+09	2.6946731e+09	4.2614979e+09	6.1837358e+09	3.0451244e+09	3.78496e+09	2.7116763e+09	2.0483028e+09	2.2780521e+09	4.6470362e+09	6.1352886e+09	2.5789053e+09	1.0288878e+09	2.3552818e+09	2.4194435e+09	5.3093465e+09	4.030318e+09	1.023308e+10	8.4184952e+09	1.438399e+10	3.7184048e+09	1.5240235e+10	1.7901431e+10	2.1144531e+09	7.6714624e+09	7.9984883e+09	2.2499796e+10	2.6455229e+10	1.1350995e+10	1.2162193e+10	3.5459267e+09	6.6009494e+09	1.3413085e+09	8.2975882e+09	8.2492949e+09	4.7629118e+09	1.4534585e+10	3.4829412e+09	8.9134849e+09	1.9797814e+10	7.239193e+09	6.1226516e+09	4.4502756e+09	1.3455471e+10	1.769938e+10	2.3662449e+10	9.7837216e+09	7.7096786e+09	7.4519684e+09	1.040159e+10	1.077888e+10	5.5774189e+09	1.5824798e+10	3.0081389e+10	8.4361343e+09	1.4461083e+10	1.3494176e+10	1.6050111e+10	5.166401e+09	9.0705943e+09	7.2977903e+09	1.0897203e+10	1.4094986e+10	6.0528669e+09	8.0867086e+09	1.5876201e+10	4.3522434e+09
Gly-Leu	51212479	2206801.7	1415733.9	1275121.3	2118975.2	927152	11275602	1007766.3	975537.4	1165901.3	876394.03	1205100.2	1198869.3	2313365	1511806.4	1344171.1	1880483.5	544516.39	657548.26	2150115.6	12800236	3110794.6	1869614.9	3510951	1586172.5	2305242	3172253.3	1434318.3	1725220.3	2147289.6	1115427.4	1627363.5	1376292.5	1180787.2	1421662.3	815799.19	1352739.7	1478919.7	1478790.3	1637787.1	1632591.4	968423.44	1306981.2	689510.12	728729.97	1847239.1	473783.1	1396984.9	815911.98	1043635.8	1456327.4	1076079.4	1112875.4	646464.76	1591780.7	1101900.9	1351660.9	1193439.3	812020.82	944960.81	1134222.6	1250868.1	832698.84	860116.45	1540127	919270.92	571968.24	609219.93	1410686	1364016.4	649022.84	725790.6	674898.34	1869157.8	7298999.1
Guanidinoacetate	74474467	52086691	2.3035455e+08	2.4929748e+08	1.6769363e+08	2.0538697e+08	73197314	2.7644716e+08	3.8151405e+08	1.6347364e+08	1.0738018e+08	2.5368029e+08	3.4685581e+08	1.7774436e+08	2.3584318e+08	2.4285046e+08	1.2609144e+08	2.4608809e+08	1.368115e+08	1.2886654e+08	9273712.2	1.1000525e+08	17319973	1.1400043e+08	94008855	63795756	2.2437304e+08	2.1449524e+08	3.513756e+08	4.1213292e+08	4.3602713e+08	22328806	25453864	1.0388272e+08	42161734	68185409	1.0828154e+08	64622419	37259933	2.12764e+08	40428983	1.7184813e+08	22847747	46858485	1.7221193e+08	24877057	77055025	18813638	35791642	60228353	8004382.4	1.6259256e+08	52909111	1.5963747e+08	6521303.6	5.7727889e+08	1.2537254e+08	2.0254685e+08	19861092	98930911	21759171	25725236	1.157037e+08	40611361	4.099946e+08	69908433	54609301	9611798.7	87777817	36729879	36261790	50754826	1.3087767e+08	1.5958383e+08	54723514
Guanidinosuccinate	6471.4672	898929.39	5179.4364	5579.9502	153197.72	401993.49	5199.544	493510.71	150081.34	115049.72	3473498.7	890228.5	240834.3	4729.7694	4574.5701	463748.21	139306.38	915584.34	438581.58	36254.89	3471.4462	123121.54	6802.6272	1569509.1	48896.98	6905.2407	64699.503	8823.8702	5454.705	239535.33	55424.788	11498580	127388.31	604551.32	2128616.1	173350.69	8704.0961	547671.46	121584.53	8404.3275	30022.028	461344.24	30215607	3006085.7	159884.58	6320425.3	942227.58	1937050.9	2337765.4	34654.535	8116.2912	9630640.6	67419.403	1468705.8	2931037.5	314879.89	1196641.8	62764.764	1977234.3	5376.5991	2099791.8	15614.46	523037.61	9758.2797	670375.71	1930333.6	1336000.4	536708.39	40731.832	9734182.2	323087.71	1394750.4	979244.43	1939093.4	1150918.9
Guanine	8010396.1	5330289.7	12560407	7025722.5	6393803.7	9858070.1	6522276.8	4733840.9	7093062.8	12011575	15862351	5191335.7	26632154	8294636.2	9051471.5	7207539.8	6030944.4	12502796	20602016	4022261.7	5431428.2	4400871.6	5106502.1	6286485.5	7639506.6	4148481.2	3497343.9	2774863.8	3379459.2	5971804.2	5744927.7	3041892.1	4434722.7	3029403.3	6329679.7	7912934.4	5672494	5774400.9	5642811.4	4631119.3	5096309.4	3087416.7	6190338.7	775161.97	2720865.5	2887508.6	3921748.7	3456740.2	3607577.5	1850966.1	3049728.2	2416103.9	5533805.5	7585263	3869763.3	20031115	10228279	5087749.2	5298417.1	4352310.2	4677125.2	1583662.7	2875986.7	3828948.4	6582120.9	3028230.4	2617273.1	5418689.5	1296500.5	9108282.1	9404939.4	3564587.2	4730788.9	4881974.6	4413535.5
Guanosine	6276813.1	303328.1	208166.18	88902.493	141160.01	377013.91	292215.16	232305.66	121232.19	3765.0787	1374661.7	7257.6862	3971.0906	4113.2471	112676.92	228850.3	223303.38	4622.121	4235.7794	6305.8177	3018.9455	323255.23	4273101.9	90694.202	3350405.2	392428.43	100708.34	7673.6845	4743.6878	306045.4	138548.92	757963.21	38809.444	6519.1756	6949.319	10349.933	502177.31	7137.2212	4840270.3	222057.59	394874.69	8853.326	137902.88	5946.918	8703.4977	5677.5493	10461.52	5809.0418	137522.08	5890.1584	219185.96	5640.1171	242506.37	8678.7459	6043.6283	875833.51	72230.353	7354.2587	1068953.5	364750.18	7143.5173	13579.125	13027.982	8486.2944	165778.37	427024.5	6737.4083	1266924.7	4758.4569	550693.25	1043151.2	283109.21	232133.49	152644.16	185273.66
Guanosine diphosphate	52011771	11905939	7544058.5	8647466.9	12487897	8308389	22575445	7516553.2	7156212.1	9039106.9	13569854	11541546	6466321.9	17875394	12438210	9794110	15180122	5332309.7	6471599.3	15674212	31647489	13624718	13712196	7194105	8914091.7	14141044	11689645	8909736.4	13220468	6204884.6	7654030.3	6324317.3	6369229.8	5962355.2	5736348.6	9462984.7	7279822.1	10554285	16658883	11092004	10913210	4381107	4790096.9	8038952.7	5510103	13332584	6747188.1	4534463	4125977.8	3944929.9	19140113	5759763.8	8574371.1	5692367.1	13011181	7926499.7	3803723.6	9370914.7	8639578.1	4130489.8	1999850	2106398.1	6834656.3	6944735.5	10042742	2868946.9	7484316.8	4569872.2	4894246.4	9906230.5	3529790.7	6759086.7	4444985.7	9398339.7	12246742
Guanosine diphosphate mannose	17976003	11350324	8409933.7	9963119.5	16716755	21617987	8034809.8	8403964	9402519.8	15681730	19494203	10358098	17182985	22331864	21466394	15574471	16615731	12649703	15964672	8587058.2	17446292	7246203	9171029.5	9225503.1	9194307.9	10133787	4562455.8	11591181	5518792.5	12162527	12502296	7710119.9	11377456	6220678.7	16429769	9818925.2	6581039.6	11052860	6279637.9	7388626.9	10853577	8726065.1	9117521	18309908	9656652	9719714.4	11814343	10269251	10474163	9698556.1	7822193	5299799.4	13641756	9000027.2	9654308.7	8521371.8	6337164.7	10347430	6612347.1	5704529.9	2929098.4	2582202.6	7160246.6	9536375.8	6346681.2	4369630.2	7236541.1	2821595	6621634.6	6246119.9	5353977.8	9767004.9	5399495.3	6355373.9	2749605.5
Guanosine monophosphate	50281800	1494342.8	1509808.3	1435428.4	2018903.2	1365788.2	6006128.8	3663271.5	1327342	1104196.8	1268145	2502688	1177984.2	1824640.6	1683024.5	1729793.4	1613947.8	803288.25	817784.38	3343404.6	2745431.9	3339705.7	4800883.8	1846098.6	3747400.5	1778088.1	3417650.9	2895057.9	2164577.5	1934837	2807491.4	2294087.8	1935553.3	1517340.2	2017613	1996102.6	5769513.8	1657867	4287103.6	2943191.7	3263197.2	1172756.8	4686282.8	1589082.9	2149322.8	2268287.2	2095809	1543546.9	808083.61	2156862.3	2258664.4	1963067.1	2015236.8	1489592.1	3012511.8	2654527.2	3851188.2	3202867.7	3145912.2	2452096.4	2535699.2	4100076.6	2752837.4	2406748.5	4886642.5	4286181.2	6220370.9	2958495.3	1972608	4198047	3342356.9	2455081.7	3665613.8	5267924.9	13679040
Hexose_RT7.2	8239833.2	9138051.4	264364.47	9538261.8	335503.19	9927185.5	6136984.4	280737.11	846910.84	349267.09	19930899	435152.96	112743.21	277077.76	1079210.7	181003.71	620174.93	414425.35	140622.72	285565.34	159025.78	91766.255	309438.41	97865.427	187845.37	141307.75	371699	204948.94	137000.19	420161.92	148875.98	515227.75	113971.52	59789.989	289690.83	328610.38	206618.71	378701.23	109221.83	563678.07	57851.391	153981.87	320534.57	715810.61	209115.05	248029.15	347328.76	158156.24	383470.38	76495.455	232240.75	84191.984	84103.71	397388.19	996923.96	86125.669	334618.48	171980.06	224112.95	29039.724	92500.804	256733.5	628851.23	172163.07	171902.29	227027.16	165456.16	140278.06	44215.357	284872.32	167514.41	94628.847	114268.76	114710.44	130218.62
Hexose_RT7.7	10011201	7090981.7	2606201.1	12058172	639295.37	8371864.3	6385361.6	11845271	10742055	2548877.2	4445120.2	7202312.1	1517271.1	1668273	3178009.3	2581976	1914911.3	3989453	3229816.6	14576137	2189456.2	7787161.4	16173922	2792925	13230549	10906377	13230549	71016011	8331394.7	8904583.7	17303099	11616451	15275848	2931653.7	22676782	16555712	9064060.6	11132475	8006291.4	13659778	1613773.4	25131095	32341281	13959118	18222761	7122533.5	18581193	30603632	4807602.4	9288297.3	16766909	5814049.2	2230748.9	6667835.5	6489025.6	1242429.4	4060265.1	30708323	5504839.9	4127237.4	7163246	82661019	18249101	3394422.6	15138378	7866081.5	9709395.4	3124779.7	3800739.5	4462251	5557083.9	4520390	5290780.5	14977348	2990100.9
Hexose_RT8.7	2706367.2	4340009.7	1912276.7	3090652.2	1169022.9	3378733.8	1606080.2	9733103.8	9768763.5	1587075.2	8941147.8	5473298.8	2232823.3	2449634.5	3308382	2582776.3	2402022.4	2440309.9	1727178.3	6059088.5	2475610	947709.24	2096529.4	3894640	6165525.1	11450789	5432594	22133602	3136597.3	9735992.5	9587097.2	21766281	20408877	4440106.4	14229743	9423666.5	9549774.8	9801282.7	4586036.5	2784192	5953971.7	7814617.3	12564574	4397057.4	14084950	2808065.3	11175931	2043025.5	5977642.4	13338702	6789362.2	5272666.5	11714559	14188679	5758926.1	2254693.8	70226975	6816595.5	2933242.2	1683620.4	6538283.3	26496747	11019099	14751809	5622113.3	9246631.9	34271018	2089209.9	14675290	2397666.9	1775422.3	2643404	8238627.3	3329978.2	3142643.5
Hippurate	1657879.2	16226878	4317117.2	755411.09	3837289.6	2560844.1	1940112.6	1742642.8	2404892.3	5495629.2	22888595	12830630	3524187.1	1708371.3	3806792.9	5744994.8	1853819	2927512.9	4823833.8	924919.58	5246359.2	549354.47	917495.48	565044.21	3233205.7	2029888.2	8604216.9	3180002.6	598778.41	7748040.1	1092459.8	1.4930189e+08	3522898.6	1764491.6	2795884.5	15903588	33476453	982904.51	1529683.3	675331.78	2564904.8	939211.69	1.3027221e+08	11708374	6481381.7	789880.72	12670745	10690332	1663547.9	335976.77	7383009.3	2999615.1	16367296	6543614.7	2.6047218e+08	520753.41	3728423.9	1189632.4	6227850.8	2648094.5	407892.37	3958565.1	735068.99	55022.614	429984.16	397078.41	12062168	95960219	9160639.9	29345238	1.2591945e+08	2988338.2	3552129.8	1807805.6	982634.14
Histamine	2.3580152e+08	11689218	5.4095813e+08	2.7734975e+08	3.0716975e+08	9.4407973e+08	8.7438129e+08	2.1597444e+08	5.564701e+08	5.8868708e+08	4.417514e+08	3.817127e+08	6.1939215e+08	1.0821172e+08	5.47647e+08	4.0017385e+08	2.398932e+08	6.1773946e+08	2.5833635e+08	1.1323207e+08	3.4533092e+08	1.5874451e+08	62150213	981306.38	36629855	1.2973996e+08	7.8017153e+08	1401774.7	3.2190406e+08	6.4950575e+08	1279346.1	71167782	1.2960265e+08	86194820	29206663	86408599	35028393	1303777.4	3.1020524e+08	1335125.5	37820514	1.1235449e+08	30996814	1086341.1	18579884	1.0336154e+08	1911036.9	1.7355118e+08	970044.63	5379862.5	1289367.5	46416059	13116640	35522982	24897476	59199979	36610703	25538650	63955039	81258958	1304927.5	2480539.1	2379860.1	27259433	1954817.4	1228970.8	1230742.3	1.5125855e+08	31151826	1168171.4	3.4778164e+08	1081437.5	29564799	12926260	1.9926899e+08
Histidine	7.301969e+08	1.9799795e+09	1.6546013e+08	6.176644e+08	2.3150796e+08	4.6055947e+08	3.4765538e+08	7.9022147e+08	2.4547374e+08	2.0271108e+08	2.5954546e+09	6.5243619e+08	3.7541969e+08	2.6911461e+08	3.0095617e+08	2.2409939e+08	2.0843827e+08	3.3970164e+08	1.7082143e+08	1.1852742e+08	1.0118538e+08	1.2218043e+08	1.0777234e+08	7.1070879e+08	3.2300085e+08	80172555	2.0232008e+08	1.8014506e+08	48272359	4.4299652e+08	2.0236267e+08	1.1698963e+08	4.6282566e+08	1.1674016e+08	2.5663011e+08	2.7777793e+08	2.7760067e+08	5.9139915e+08	1.0042022e+08	1.113371e+08	1.8288143e+08	1.3414623e+08	3.195943e+08	2.7082155e+08	2.5693463e+08	79338418	2.3413736e+08	3.451314e+08	1.6179971e+08	3.8939555e+08	58732252	79600906	4.4604465e+08	4.1204561e+08	3.1587931e+08	3.4762564e+08	3.5070865e+08	1.1177493e+08	5.7428067e+08	3.5179063e+08	2.2881795e+08	60686402	2.8634992e+08	5.18381e+08	5.5756537e+08	2.9149084e+08	1.1070542e+08	3.8739775e+08	1.499964e+08	4.4510461e+08	5.0314594e+08	1.0330564e+08	1.2720702e+08	2.9882844e+08	4.0992354e+08
Homoarginine	4972199.5	5002566.4	3878846.4	2920016.2	3001937.2	5261230.9	2660222	3151086.2	3996309.7	3553421.7	4425153.2	4141402	3684383.4	3566690.5	4620469.4	4255362.5	2507563.4	2763140.7	3058890.9	3779446.9	3816930.5	4410040.8	2942710.7	6070639.1	4899077	2871103	5346643.2	2559342.6	3716978	3907222.1	2578750.8	2521397.9	2693000.6	2724470.4	2581879.8	3435586.6	4726919.2	5016448	3161916	2414075.8	4786925.7	2410232	2544194.2	1589186.4	2980510	5179499.2	2828560.9	5370494.5	2825106.9	4212166.9	4064329.7	3331725.3	4561010	5291502.4	3998727.6	4915521.9	4576201.7	7116836	4505615.4	4410749.1	5497948.4	344351.61	3966619.3	3889684.3	6629828.2	4784919.9	3874520.2	5281663.8	4183209.5	9181789.3	3343922.5	4764405.3	4960098.6	5752588.2	5679843.6
Homovanillate	136873.8	771496.56	1677648.1	946245.65	1263354.5	576126.05	443159.26	1091662	1232258.4	1031845.3	1748661.3	1003375.8	771987.62	1630995.3	1175468.5	1043086	780753.49	1057782.5	951541.32	525612.38	3480575.9	898601.34	1811903	2215114.9	794022.15	795171.13	1616127.9	1973607.7	1235976.5	1254070.8	846526.82	1582438.9	1407885.8	821101.48	1409595.5	1366779.4	1497723.6	1266342.1	744887.51	1196126.9	1255954.6	1187256.3	4676462.5	6579387.2	1140998.7	1084184.7	1544521.9	2508961.1	3027658.1	1309684.9	1564548	1021601.3	2439958.1	2252998.8	2187371.9	1209372.2	3171983.9	632114.52	1887326.3	1223892.5	3371619.5	1297694.2	792678.49	1634546.7	1358911	1574412.6	1656591.3	22215225	2630027.3	8233397.3	3903719.4	1834173.9	740894.19	1906576.1	1179410.3
Hydroxycitrate	32479327	44819227	75913923	83585547	1.1022322e+08	1.3082466e+08	42997823	60096531	86316201	1.3526624e+08	57952732	67798568	1.5788022e+08	1.5836053e+08	96820793	1.1989524e+08	1.1956821e+08	1.0199289e+08	2.4382122e+08	58210222	1.7508982e+08	85917718	56023823	51204526	55230281	65496207	73565586	89689706	41917137	52224337	63946584	27234133	60968661	81880507	84739340	37170776	43077197	40758671	94808454	51943288	94991355	1.0449012e+08	57290366	88879221	35798030	1.4271432e+08	1.0259464e+08	1.7893969e+08	1.2535954e+08	43788536	1.0365452e+08	69902953	37301576	27659136	21660647	26054907	32481883	1.043296e+08	38749761	55167715	60452274	1.0111866e+08	37296498	25408204	12229566	34774787	1.047888e+08	1.1552102e+08	44954819	14574754	60867777	1.5716123e+08	90490228	54143403	43300463
Hypotaurine	6.9702195e+08	3.6616593e+08	7.6286142e+08	6.8786451e+08	1.0011176e+09	4.303036e+08	1.7526717e+08	1.9987116e+09	4.9116096e+08	7.3876834e+08	2.0053122e+09	1.8721222e+09	6.794093e+08	7.9023693e+08	8.2286442e+08	5.8790264e+08	9.3232469e+08	6.6076219e+08	6.8010684e+08	5.5820269e+08	1.3859753e+08	6.6749078e+08	46421528	1.9692866e+09	6.8966561e+08	2.699724e+08	1.4455926e+09	1.5564214e+09	5.9936873e+08	9.8700236e+08	1.1264484e+09	3.0169455e+08	6.6489405e+08	1.8332031e+08	8.8533021e+08	9.6164411e+08	7.8661497e+08	1.3064927e+09	3.4122085e+08	8.3184444e+08	3.6185213e+08	1.5196642e+08	2.6364379e+08	37114495	1.1526225e+09	3.6291451e+08	9.8094318e+08	4.9060935e+08	3.7289686e+08	9.8793109e+08	6.4549862e+08	2.2622403e+08	1.4270683e+09	2.5729475e+09	1.7576833e+09	2.6946751e+09	2.5654303e+09	5.7716049e+08	2.6838603e+09	1.1401413e+09	1.8497573e+09	1.5044008e+08	2.3219605e+09	2.400525e+09	4.6361637e+09	1.2033008e+09	1.3414678e+09	4.4326299e+08	1.2314365e+09	3.8350635e+09	1.7478893e+09	1.2593822e+09	1.1667389e+09	2.2217107e+09	3.8444459e+08
Hypoxanthine	7.5800745e+08	7.682004e+08	4.3182671e+08	8.3764253e+08	1.5060452e+09	5.3824932e+08	1.1707581e+09	85162751	1.7982805e+08	3.772672e+08	5.6477977e+08	1.6395765e+08	5.5917299e+08	7.7304353e+08	3.6347006e+08	2.4567047e+08	3.6461623e+08	4.710493e+08	5.9756272e+08	1.6395033e+08	2.8777552e+08	1.300779e+08	1.4958194e+08	1.0615079e+08	1.6074104e+08	1.0909013e+08	81722647	60001890	1.0376157e+08	2.6394012e+08	81386742	98593775	1.9749665e+08	1.5169161e+08	1.8088796e+08	2.2703798e+08	1.7842416e+08	2.2137729e+08	2.6762874e+08	3.0684556e+08	2.8087243e+08	1.9019348e+08	61639033	38042987	26577179	1.0405861e+08	2.7363145e+08	1.7809805e+08	1.6307272e+08	62744774	1.5082937e+08	83887854	1.0170586e+08	64310207	46486369	4.6898927e+08	2.6930833e+08	1.4938356e+08	75721092	2.4010498e+08	75216032	94423159	57662021	19055038	1.6111356e+08	76479007	73175696	1.589636e+08	10346193	93613742	68531878	1.7580021e+08	1.5431382e+08	1.1270889e+08	97493580
Indoxyl sulfate	437131.66	26360744	1191302.9	787246.78	2492745.5	1342912.8	419938.31	2496122.1	895401.99	1412663.1	90358797	2296912.8	410881.54	1142270.1	1118613.9	1937251.6	2111951.1	310430.84	761033.47	1187873.9	24156.073	424553.41	534574.82	2934.3696	1179419.2	387424.94	1025129	105992.48	380626.34	1709563.6	205973.39	3190568	194797.48	497388.66	1636226.6	543742.61	1042555.1	510262.25	464053.66	45651.232	151877.99	220158.55	1483525.4	4473706.8	537671.81	1253032.6	1493497	719993.22	2152080	3217.4474	3855.5552	970860.26	43330.268	448154.95	4741684.8	615290.31	289308.25	783368.3	391734.2	313476.28	433305.62	918072.19	621035.57	281705.08	188414.99	18374.763	607029.16	3820010.1	92981.714	12927483	4107.4633	1061990.6	475138.5	1191555.6	181092.5
Inosine	18946592	9775537.1	1271193.2	4777084.5	9275901	5019735.1	18939287	927046.49	857508.96	606746.78	18707272	882659.27	784427.97	1253234.3	768987.87	605287.31	1122561.1	1153359.3	1480275.9	1207727.1	910777.11	1328707.3	910979.54	1413997	933302.13	745666.66	547206.65	922858.46	1559348.7	2218952.5	1051328.9	992671	796597.38	281642.32	405513.11	892612.65	2891527.6	461140.74	795829.22	1019245.4	1772526.9	286465.33	2179505.7	220910.94	1600581.5	741988.29	2485639.4	477413.19	447512.53	714928.88	1543024.7	1404132.9	1281757.3	1018248.3	889623.82	2973205.4	5476364.1	2250341.2	1994950.4	4958833.1	2300600	108530.18	794843.02	1174396	4407469.3	2933331.9	1285837.3	2757518.4	547482.09	5094933.4	2139056.4	423669.81	3453901.3	2355151.7	1301688.4
Inosine monophosphate	5.7165819e+08	1.18114e+08	6867246.7	47009492	37662668	66190861	3.4748767e+08	9791859.6	4394901.9	8006346.7	34538394	5439207.8	5727489.9	9242070.5	6301704.5	6171397.1	13230549	20774896	18449185	6405421.5	7840134.1	6220869.1	12494985	5911062.1	13402741	3946261.6	9975294.4	4532967.8	2403165.4	4254181.3	5126924.5	8929630.8	3998305.3	3977587.1	4483973.7	4484514	9057492.5	5247948.6	11388680	12956923	18686192	4002472.9	5789712.7	15238923	4964127.2	7394306.5	4854143.1	7742115.2	2923600.6	6795479.8	4897495.9	8174648.2	8772722.8	2781279.8	13328744	11800217	6581853.7	5030317.9	5965565.1	24343701	3931960.9	3802579.1	3841631.3	5825672	4970386.5	7923895.2	11238462	8469555.6	5728230.2	6829371.9	8223178.7	3143531.2	13230549	9314679.4	38880982
Itaconate	22929764	19038025	15492762	8633366.6	14520618	24561340	6268821.9	7277655	10039875	15069991	21852323	7609377.5	7636699	6509461.8	17726729	10321677	21864906	8224537.3	9200047.1	6772012.9	6148733.6	11908530	7315741.8	6381397.9	9865200.9	10194041	6434938.3	10396923	8151131.3	5419931.7	9476239.6	4591524.4	7787499.8	5848253.6	5210141.6	4160388.1	7665396.2	10586533	14724292	5317499.4	8940182.6	6297711	2482984.3	17524195	2455999.2	17454773	6652663.3	12803726	16219001	7281373.4	17285598	4510913.8	16201144	8806333.8	6189260.6	8010597.8	6502644.1	11027906	3530746.7	4725048.3	7921575.2	11031255	7147408.2	8697326.4	5311340.6	7660330.6	11522808	5646587.3	25877890	3295111.5	5737494.6	6188172.7	15461062	3890516.7	6437423.2
Kynurenine	6237374.2	10988345	31772287	3560083.9	6036174.6	10708798	5568282.6	3267798.7	14429195	35242875	17531498	5063617.7	18699228	9599673.4	5953686.5	4394790	65431267	13725678	8181513.9	7932131.6	25770510	5607017.6	21191830	1204231	28658097	1223917.6	8573689.3	307533.1	5378990.5	7263151	119831.94	7616105.4	2932440.6	10480718	7472268.9	6748679.3	5253036.3	3102479.6	972018.3	132095.08	3010166	18110696	4551897.2	4539898.9	266386.01	3587337.6	2421881.2	3943872.8	3257793.8	3782405.5	6883751.7	3006014.1	3766964.9	7529199	10784144	5579959.9	15257200	2676576.3	13230549	4010975	15948395	724463.05	373487.42	15843426	4045556.9	3339090	1670347.4	76865466	8724114.2	11678363	54622798	4514042.6	15595844	9365013.4	83937703
Lactate	2.4893325e+09	3.6123385e+09	1.693788e+09	1.0479723e+09	7.4706181e+08	1.3634357e+09	1.5971295e+09	1.9655082e+09	8.8792642e+08	1.1017969e+09	2.9596607e+09	9.3466796e+08	1.4176764e+09	1.9305317e+09	2.3968286e+09	2.4850297e+09	1.1424969e+09	1.3023378e+09	1.431821e+09	1.7697703e+09	8.2187777e+08	2.7330274e+09	3.7911137e+09	3.9486135e+09	1.1265398e+09	1.0263428e+09	1.3607047e+09	4.9839706e+08	8.8577052e+08	1.4042156e+09	8.7834099e+08	1.6686767e+09	8.0381609e+08	1.1244412e+09	9.4575406e+08	9.1630129e+08	3.2985477e+09	1.3981211e+09	3.1114428e+09	1.0588197e+09	1.7123794e+09	1.0482826e+09	1.2445191e+09	8.4063579e+08	1.5042938e+09	1.1057124e+09	9.3858761e+08	1.8502446e+09	7.1378883e+08	5.5531768e+08	1.225626e+09	7.9473207e+08	1.5213201e+09	2.3924927e+09	9.3153996e+08	5.0153606e+09	1.9715513e+09	1.5040186e+09	1.2086387e+09	2.2554573e+09	2.2737242e+09	1.2140536e+09	3.8639134e+09	2.576164e+09	2.1780452e+09	2.7202697e+09	1.2059721e+09	7.4554662e+08	2.4482832e+09	1.3867161e+09	3.8470324e+09	1.0256452e+09	3.0314762e+09	2.0958106e+09	1.7712045e+09
Leucine/Isoleucine	8.9447893e+08	5.1062521e+09	2.8209069e+08	2.4667662e+08	5.5441555e+08	2.7359369e+08	5.2997966e+08	1.4061221e+08	2.0648605e+08	2.6249536e+08	8.3223861e+09	1.258199e+08	3.8119823e+08	4.1463632e+08	3.2862905e+08	2.2902215e+08	3.8715197e+08	2.9382097e+08	3.77856e+08	1.6470838e+08	6.1295719e+08	2.1683695e+08	2.9698811e+08	3.8563309e+08	1.8554555e+08	2.3203864e+08	1.5490611e+08	1.2328481e+08	1.4921722e+08	1.9527784e+08	1.3000663e+08	2.5082842e+08	4.2365358e+08	1.5032667e+08	1.129896e+08	1.5966867e+08	1.7624892e+08	3.0172826e+08	2.8225077e+08	1.1195593e+08	4.3470958e+08	1.2576752e+08	2.1044646e+08	1.3897925e+08	1.9187276e+08	3.0396997e+08	1.5982538e+08	3.4951854e+08	3.4449058e+08	3.4871316e+08	2.4786479e+08	1.2054973e+08	5.1237538e+08	2.2466763e+08	2.430382e+08	2.9880956e+08	2.5463096e+08	1.93851e+08	1.6039417e+08	2.7074313e+08	3.1076703e+08	1.7906105e+08	1.3464294e+08	3.4441856e+08	2.6290267e+08	2.3370368e+08	1.0641928e+08	1.5220348e+08	3.78148e+08	1.8264304e+08	2.4596709e+08	1.4615087e+08	1.5818702e+08	1.4163507e+08	3.050377e+08
Leu-Pro	94004393	1.0219477e+08	1.2018035e+08	1.1670794e+08	1.6468419e+08	2.1745512e+08	80835373	1.1645991e+08	1.2365357e+08	1.5609847e+08	1.7705308e+08	1.0484041e+08	2.0255631e+08	1.784308e+08	1.6059904e+08	1.9774007e+08	1.0322225e+08	1.3369131e+08	1.5729754e+08	94426139	1.6811903e+08	85154782	77820608	1.5848315e+08	1.0485237e+08	80331511	79412988	99226129	65684476	1.4567883e+08	1.4195096e+08	3.3957999e+08	1.1930187e+08	72221083	1.801867e+08	1.165359e+08	91350949	1.7399807e+08	72237117	76731158	1.4695931e+08	1.0655867e+08	9.2887683e+08	4.4044083e+08	1.4235804e+08	1.2828825e+08	1.2495012e+08	1.702146e+08	1.0303325e+08	1.3639913e+08	66208474	2.0317965e+08	1.2392309e+08	2.127478e+08	3.716073e+08	1.7751349e+08	1.2474968e+08	1.4062277e+08	2.2302804e+08	87365795	1.4375758e+08	53994450	92615239	1.0294396e+08	1.4810389e+08	1.4520381e+08	97440201	1.8951048e+08	97159951	1.0139501e+09	2.1306798e+08	1.8229949e+08	1.7919316e+08	2.1061316e+08	1.1984269e+08
Leu-Val	249586.48	3273886.5	3232326.4	4643164.5	7245312	2550326.9	10417266	3354504.3	4124020.1	3391728.6	3405142.4	4425897.6	5644808	7321688.3	3551550.2	2146712.4	5547444.9	2141081	2928109.1	10852389	38577015	9707100.1	26978042	5829794.3	4433630.7	9205564.5	9689404.8	5564677.8	5995545.4	3594435.7	5244769.7	7542951.3	4806885.4	7870436.9	5861414.8	4220321.5	5575008.7	1992281.5	8486195.5	4872358.7	8171797.8	6176581.3	2216770.4	5706119.3	2746160	8402385.8	2993818.5	5072719.5	3685126.6	3617110	5850979.4	2448970.6	2795565.2	2064297.2	4910036.9	6044476.4	5872908.3	5195729.5	3531140.7	207360.47	2376804.4	8568447.6	2888821	376349.69	5111542.9	2691688.5	3806339.1	2342859.6	3792833.5	2202390.1	3242159.4	4289787.8	4533605.5	4313589.4	7397880.6
Lysine	3.0251017e+08	7.9815591e+08	2.0927048e+08	1.1453876e+08	1.2007422e+08	1.9344617e+08	1.4414559e+08	1.394021e+08	2.4013978e+08	1.5904625e+08	1.2465899e+09	1.4047056e+08	1.3201598e+08	1.9937282e+08	3.1648465e+08	1.8306639e+08	1.4976947e+08	1.1521208e+08	1.3750309e+08	1.5668721e+08	2.0725229e+08	2.4834011e+08	1.2366887e+08	1.6860432e+08	1.9699612e+08	1.8247637e+08	1.6805722e+08	1.4644907e+08	1.2573611e+08	1.3453526e+08	1.4290208e+08	1.4845424e+08	1.2522246e+08	1.1572365e+08	1.3092137e+08	1.8962905e+08	1.8780017e+08	2.2350568e+08	1.8903074e+08	1.1403972e+08	2.1588608e+08	1.3628791e+08	1.3119706e+08	3.8069223e+08	1.6451475e+08	1.8719397e+08	1.4287989e+08	1.8949414e+08	1.7902649e+08	1.927421e+08	1.9738367e+08	1.1292837e+08	2.2375553e+08	2.5576388e+08	2.4367181e+08	2.4182625e+08	2.0520164e+08	3.2435336e+08	1.4766458e+08	1.2669302e+08	1.3055064e+08	93639569	1.6514908e+08	1.4727275e+08	3.3528486e+08	1.7732855e+08	1.7816116e+08	2.0168143e+08	1.509299e+08	2.755511e+08	1.4328752e+08	2.0098802e+08	2.493828e+08	1.7274263e+08	1.8808777e+08
Malate	8.412282e+08	8.2054676e+08	4.749979e+08	5.7639489e+08	1.5569996e+09	9.3667925e+08	3.8744793e+08	3.4181512e+08	6.9138149e+08	7.8198258e+08	1.1376911e+09	3.976882e+08	9.133379e+08	1.0281474e+09	7.1437942e+08	7.9109367e+08	7.4595919e+08	5.807841e+08	1.1162254e+09	4.7387633e+08	1.7634636e+09	2.6308445e+08	6.7621114e+08	3.1515883e+08	4.1273679e+08	2.7618495e+08	2.1499596e+08	2.3109045e+08	2.082744e+08	3.1437867e+08	2.2376236e+08	2.2582936e+08	4.2486601e+08	2.1881457e+08	3.432314e+08	2.0771079e+08	2.1640809e+08	3.7747485e+08	2.6880916e+08	2.0848506e+08	9.7448518e+08	2.7173281e+08	2.8446965e+08	3.6064042e+08	2.6217137e+08	6.3987457e+08	7.5006746e+08	7.4638481e+08	4.8400426e+08	2.2917107e+08	4.4084322e+08	2.237981e+08	3.9196119e+08	3.3512225e+08	2.0298515e+08	7.7225743e+08	2.3010063e+08	5.2198384e+08	2.9956037e+08	2.9734317e+08	1.8259798e+08	3.8117011e+08	4.3074889e+08	3.5342472e+08	3.0863278e+08	1.3100959e+08	2.254546e+08	2.4679391e+08	3.9103239e+08	4.06353e+08	2.6518432e+08	5.7010566e+08	5.6635717e+08	3.6719211e+08	1.9720546e+08
Methacholine	2.4434876e+08	2.0676666e+08	1.4824591e+08	61553380	82455397	68585911	1.1277932e+08	3.2956733e+08	2.4520714e+08	1.6580146e+08	68708286	1.1408984e+08	89503912	1.4329867e+08	83552760	1.0011417e+08	1.2828619e+08	89741095	93856640	1.145849e+08	1.2761123e+08	71261096	1.508039e+08	5.9473517e+08	1.6327164e+08	1.1748427e+08	3.145247e+08	1.9956541e+08	56442267	1.1922417e+08	93088658	3.7869515e+08	1.516273e+08	2.179543e+08	2.1087226e+08	58487742	81154011	2.6351824e+08	57071183	1.0232869e+08	45606787	1.5995324e+08	3.8067981e+08	1.0878139e+09	2.6312413e+08	1.0627526e+08	92092781	3.7358397e+08	3.573839e+08	75146501	1.2610967e+08	5.0973876e+08	48459465	1.4260963e+08	3.1755856e+08	1.7599495e+08	1.3107998e+08	2.4822015e+08	3.4951952e+08	1.7581867e+08	1.7909143e+08	1.2604486e+08	1.1824808e+08	48144386	1.5035441e+08	2.4241495e+08	75278813	77090619	76887778	5.3271808e+08	3.8919802e+08	27512998	74912297	4.2165576e+08	1.3444565e+08
Methionine	1.1504329e+08	6.6947023e+08	40964939	29737988	68390420	28003213	76884176	18885279	22888962	28552163	1.0675931e+09	16060901	46569383	41992692	39464882	26211206	39804533	23950067	32077567	17295551	84540099	33406645	29267924	52299913	20786264	28950055	17260293	16991211	16529856	22821078	21471043	34358568	24211221	18241968	12763373	18997258	16514979	36422855	31389744	19362763	72754936	13467230	15032887	18486294	21222720	27011565	25667002	49114905	71924080	54150477	29231779	10263446	91269569	37263973	37634871	46894420	35928880	16166241	24010677	24456164	34364834	24859584	14435948	51480788	37783436	27509031	19455637	30162296	32023529	29333410	32426883	14932078	20083854	19697998	45776529
Methyl 4-aminobutyrate	3.8928639e+08	1.2117035e+09	3.0109268e+08	2.3996404e+08	3.9313998e+08	1.6158399e+08	3.3186265e+08	2.3988648e+08	2.5773598e+08	3.5952312e+08	1.0952467e+09	2.0416621e+08	3.1489505e+08	3.1784037e+08	3.1837227e+08	2.6613892e+08	3.7373837e+08	3.2786271e+08	3.9634168e+08	3.233227e+08	2.9384547e+08	2.1365109e+08	3.2756216e+08	3.3321809e+08	2.674772e+08	2.5318089e+08	2.4766666e+08	2.9387393e+08	2.4537017e+08	3.3452792e+08	2.6869199e+08	3.2014323e+08	4.1946201e+08	2.5974484e+08	2.8406607e+08	3.4928953e+08	2.7197129e+08	3.350355e+08	2.5785111e+08	2.2521695e+08	2.7612096e+08	2.651686e+08	2.6490691e+08	1.652007e+08	3.3307919e+08	2.51253e+08	4.0764738e+08	3.7426081e+08	3.1857481e+08	2.9820399e+08	3.3401133e+08	1.7864257e+08	5.0591879e+08	3.8555339e+08	2.7850003e+08	3.0309585e+08	2.8224954e+08	2.593512e+08	2.6170253e+08	2.349354e+08	2.774373e+08	5.0728183e+08	3.5847333e+08	4.5687383e+08	4.0981013e+08	2.986856e+08	2.4482934e+08	1.8427972e+08	3.4780357e+08	2.3029143e+08	2.7993332e+08	2.8271988e+08	2.4964179e+08	2.3550376e+08	2.6504247e+08
Methylguanine	316019.06	134006.93	414186.44	284900.29	115565.43	187972.51	204122.14	268453.47	256929.07	311949.95	53463.238	435417.82	4063.2232	120427.79	1258000.9	287818.38	177947.12	214078.87	4334.053	149380.75	73388.164	414442.86	6053.1633	2016948.2	850611.78	83198.569	162090.53	825987.89	881690.07	395874.31	850598.13	66549.33	170457.85	33352.129	156778.14	338385.46	328038.73	564341.26	626396.68	317607.07	441033.17	47109.014	697222.5	6084.8914	189988.8	180133.51	238077.11	5619052.1	7301613.6	1329739.8	15029491	349414.57	4038928.2	1253299.4	3611615.2	3587365.7	1694594.8	2149596.8	2725439	306302.3	4019406.2	13894.172	3260755.3	2652145.8	3317205	2791291.5	953698.51	20720527	264012.71	4274710.2	3660033.9	1748377.7	1432334.5	1676472.1	1285645
Myoinositol	40017994	1.2216607e+08	41206130	36504455	62762530	73354120	30810839	40025427	49920471	46373978	1.8390235e+08	39607745	48807173	64988411	70534216	55217549	66622341	34657464	34205475	49568395	1.0591018e+08	16662775	23792763	80178578	45399725	1.1490245e+08	30805888	1.2089558e+08	62586118	51064721	59612284	2.9510095e+08	1.0268718e+08	55748011	60112756	32226266	70820681	66782801	74772110	24842893	1.294988e+08	45941997	72954271	53202353	72647193	38989295	44597247	22067000	1.1382017e+08	1.7178955e+08	46288777	52603526	1.5035309e+08	76077398	70266202	37657967	5.9112954e+08	55875114	28492732	34661299	55601810	97637448	21353872	85545208	29447575	83728020	2.5309172e+08	25271273	3.1038814e+08	36865283	20871637	42089106	68208579	29555284	50824673
N,N,N-Trimethyllysine	43855234	45957052	30866665	37555571	48868945	72652872	24105040	24494121	31529874	66880371	31750884	24721256	51302742	59134248	34132986	40357608	28310786	54985314	51338578	26846909	18230960	17944435	21422689	28794689	34922682	21535049	16955219	34359648	21274039	29392124	24891162	43107031	22728986	14817699	20116020	29257813	29898334	18523778	15601569	37323597	20114524	23953464	43147639	3.2301179e+08	25052088	12833665	19331859	21430519	21293467	16449593	35517347	18224184	40964701	50748691	25200789	37753643	47113601	41814527	26437624	32921379	35587569	3787355.6	19484897	34517751	31554969	38144762	31704770	21355325	48970261	37956544	19199382	21290785	42956070	21875834	16934428
N,N-Dimethylarginine	72759397	79853626	70880850	75609245	68701910	1.0795764e+08	52141751	78221162	97782844	66889789	86586026	90503789	80188622	72992284	1.0360617e+08	85250968	49488259	64602010	59223816	62871436	81137232	72928904	41150352	1.0631392e+08	89999228	64255707	69933260	69578755	86785004	1.0272882e+08	71167523	97402220	85627777	62634053	75363807	1.010725e+08	1.0524842e+08	1.2519229e+08	62052837	59326725	96163307	62191388	1.8624924e+08	62444279	82508794	93838691	99387643	1.157166e+08	68701757	1.0358936e+08	76719761	1.0551569e+08	1.4738508e+08	1.6039845e+08	95985722	1.3118067e+08	1.0366396e+08	1.2773927e+08	1.2914439e+08	97776924	1.7099318e+08	28481154	1.0137741e+08	1.2437714e+08	2.0162808e+08	1.3467724e+08	84728267	1.3311491e+08	1.013397e+08	4.6902829e+08	99300808	92775774	1.0282074e+08	1.7792653e+08	1.3972877e+08
N,N-Dimethyllysine	14057894	7493177	4683548.4	4299982.2	6720695.2	9466877	5209763.6	5637161.1	7246626.9	5924682.8	11887319	3332725.6	3774454	6341965.4	7156890.6	5952307.8	3587907.3	3582943.7	3930043.6	5169640.2	9886252.8	4657490.1	4687398.5	7148684.5	3144212.3	3680938.3	5894917.4	4227811.5	6510382.8	6238868.5	2586423.8	5528910	2857595.9	2794073	2438882	6212218.6	4933797.5	3654539.5	4684902.9	4296914.1	6378105.5	7960869.1	7302462.3	32678810	4224996.1	8012700.8	4470356.9	10784021	4264554.3	3929734.6	6604978.8	4805306.1	8676032.3	6899976	15718899	7188990.3	7610991	12812608	5580440.6	5820110.7	9422176.3	2580647.6	4682463	4042131.6	12135015	7665750.9	8143450	4322073.8	8689585.1	11261566	3302623	11959349	9729599.9	6854489.9	4323280.1
N-Acetylalanine	4412391	6721395.1	7809889.8	3168962.3	6175284.2	6004517.7	6142825.4	6835601.3	5496106.7	10212554	13707211	6213588.4	7993007.6	8108934.3	8811323.6	8499119.3	6944304.5	5749853.5	5353118.8	5385005.2	22829067	5940952.1	6943488.8	8859178.4	6560036.7	3850982.3	5460162.8	7230418.5	6928122.3	8223216.7	5571560.4	4419433.9	4958861.4	3789375	5014579.7	6525632.5	6517937.2	5719473	5917262.2	4198587	8588406.5	4952150.3	7408463.4	5539030.6	4427276.9	5659137.8	4941619.1	3651986.4	4927379.4	5702153.6	7880096.9	5273690	7787462.8	9625348.1	9187255.3	13818559	9542253.9	6132455.2	9232640.8	5608568.8	9512879.3	1680260.5	6043402.4	7569990.5	8313335.6	10136201	5461358.5	9026358.9	8561473.9	13925178	7764319.5	7257640.3	6007781.8	7630775.6	6693858.3
N-Acetylasparagine	7134311.4	2970003.2	4983236	3092177.8	5297978.3	3995234	2505764.7	2105647.1	4596061.5	5246253.3	4613603.6	4608392	5494023.6	7105481.6	3507869.8	4264590.4	6450491.7	3650804.6	6103059.6	7870183.8	7015845.3	8117124.6	8069626.3	4703701.1	4296468.9	7008301.1	6813746.4	4618591.8	7690735.4	4068797.7	3646749.5	8392553.5	3202168.9	6366713.4	5671353.1	4272747	2186868.4	2709573.6	5358617.2	3163463.9	6095198.1	8617930.9	4900255.3	12435960	3379991	6932745.2	5653158.6	5597787.2	4532256.1	2785167.1	27626379	5697219.2	2786814.1	4253369.5	5726899.4	2530544.4	3469291.5	6904052.8	2495892.8	2957094.1	2035843.3	12585852	2595287.9	3549400.6	5321138.4	3079920	6560897.6	246599.93	5307941.5	3604637.8	299590.2	235866.1	5590916.5	2779463.6	2703480.4
N-Acetylcitrulline	556235	1798498.1	445182.48	231534.61	757618.62	280122.98	1695178.8	2936810	1070791.5	250219.65	119071.27	1137807.4	480452.96	420551.11	393193.06	176577.82	262321.15	228413.64	346463.36	2149087.7	282944.14	1630579.7	1915392.7	1739268.7	1763264.1	2558270.1	3699035.8	2876797.9	460758.85	1939666.2	1909486	1409635.4	2116265.5	955374.99	1539459.7	2645522.9	2321794.3	243243.86	1097548.8	1992739.4	614178.1	2413843.8	1405435.4	233078.66	1631433	445042.49	3565394	989890.68	597233.43	321188.28	505166.42	749661.93	151708.97	192257.4	484036.75	103950.72	81731.266	1040159	1006028.8	58961.285	206939.67	1619767.1	2886045.9	853203.91	1276476.1	378324.05	2296178.2	1582080.4	121629.84	632037.78	743190.15	221938.45	1202078.3	2320367.8	3220660.1
N-Acetylcysteine	1237353.3	3135137.7	745779.14	160851.99	533170.78	353022.25	434397.18	442845.12	233389.67	672061.81	4814365.7	426825.44	270438.18	279980.47	1053498.4	387876.17	608553.71	341101.83	77918.683	141166.07	1398717.2	484101.95	225808.31	276559.04	957943.72	208322.65	230013.99	93154.197	267352.88	239138.51	233137.6	166297.01	112310.37	64678.351	107083.9	199501.57	505121.26	932668.63	647677.35	90371.827	455459.86	45565.323	89777.385	113697.66	160620.85	63906.719	48402.343	71667.131	192262.97	278605	51737.643	114039.81	497396.93	718860.4	533930.45	1050177.2	133663.78	98936.715	532332.87	96972.829	144701.05	12565.315	64637.139	853652.73	582644.85	540490.81	136616.33	106800.39	630123.96	566536.68	365360.45	46506.563	101003.75	84116.841	656395.19
N-Acetylglutamine	153444.14	444004.22	767555.99	239803.7	422101.8	424186.23	123285.73	1957873.3	672092.53	7827.3838	501352.7	1484096.6	8255.6706	406532.74	555893.64	346092.54	186386.08	385940.29	209321.61	505035.61	272655.26	443880.03	12298.838	421086.1	15365.587	869811.83	15561.461	15953.152	379923.97	332514.21	1790143.1	10748.47	16136.524	266616.28	14447.238	1164030.1	890021.16	291892.63	329264.63	1245462.1	324737.85	92027.796	931864.8	192543.24	1008522.2	11803.301	820040.62	504844.25	334812.68	1304827.4	264610.98	1441657.6	594193.46	2809915.8	1441811.6	10568.324	552887.98	1503844.3	371272.53	143419.34	791239.92	694185.9	1065617	202455.17	419413.58	687861.91	14006.687	12867.587	9892.5602	1046131.5	120448.06	110969.23	928878.69	183186.93	72247.24
N-Acetylglycine	10116946	4480093.6	5076809.8	4215921.8	5880295.2	7603558.1	3859172.8	6746109.2	6120357.4	6900352	15115591	5335970.3	7053634.7	6522853.7	9151883.5	5394166	5876456.2	4896418.8	4495347.9	3645898.8	20396544	4042453	4366593.9	7129763.5	5392769.3	4100907.5	4495843.9	5677503.7	6440847.4	4799117.5	5312332.9	6729299	6449827.9	3717290.9	5695927.4	5356011.9	5286122.3	6519673.9	9470026.7	3769618.3	5060872.3	5070504.8	7412944.3	3825203.3	5990702.9	5834508.5	6367313.6	4215541.9	4401164.7	4934924.6	4842402.3	3463971.1	7964654.1	8416742.2	6037231	7780863.1	6019342.7	4969155.2	8493711.3	3809051.4	5849936.1	1414431.1	6046777.7	5470247.5	7827882.6	6672070.3	4070581.6	5325258.2	6795296.1	16901283	5248569.6	4435218.8	6541283.3	10629549	4218571
N-Acetylhexosamine	2367681.6	820695.26	2238204.6	1692325.2	2588516.4	8408084.4	1360259.6	4042563	2674974.2	2887938.2	1985945.5	4637917	2897804.1	2774807.9	6468364.2	2887216.9	2259382.5	1410301.9	2819327	1375751.9	5873170.4	1729524.6	2065777.6	3315828.9	2515911.9	1519595.5	1327444.3	3294815.7	1162956.8	3230542.9	3791418.2	1004831.3	2984238.3	1225999.3	1966107.5	2718661	3471990.3	4790598.2	914489.78	2303784.4	3215532.1	2456000.1	2805788.2	1787843.4	3046875.8	2161523.6	2328018.5	2068457.4	2535521	2078453.4	2754852.2	680063.8	5377895.2	7435242.5	3077865.1	4198805.9	5520365.2	2152983.5	4838182.6	1625702.9	2470450.6	585447	2539858.9	4557214.6	2080400.1	4091123.4	2164508.4	2809443.5	1966819.3	2902493.6	4678478.6	1604761.3	1911395.2	3390779.7	4602777.1
N-Acetylhexosamine phosphate	8900986.6	6556316.9	13168112	16332790	14133350	33062455	8737140.9	13347333	14593568	14061885	19212338	17455339	32283763	20352582	29780879	20466550	12976894	7421761	15467858	8874512.7	20348005	11839045	18409162	23046494	12358545	18482299	9941445.7	17391585	15507934	10289953	16596313	9097484.9	26236519	49849619	10907117	9867257.1	19555238	26823117	18166630	10112501	35127292	10658655	7053304.5	12091065	17142803	12883410	21771269	9200563.7	21554381	21389075	18643300	9787651.5	18913090	16230179	9125388.4	25703212	55186612	28334665	10308734	21142391	13230549	5957394.6	16491257	16005560	24374704	13998840	19069734	19457023	31653803	26819771	12579231	12460570	26102271	22979556	39290594
N-Acetylhexosamine sulfate	1.7248703e+08	2.3466048e+08	1.1811141e+09	5.2648933e+08	1.2152236e+09	9.4601591e+08	3.6975972e+08	1.3393304e+09	1.7333977e+09	1.42056e+09	4.7370068e+08	1.8252958e+09	1.4264519e+09	1.5371064e+09	2.0001097e+09	1.225172e+09	1.1939276e+09	8.4794894e+08	1.9554167e+09	1.1055014e+09	1.2369169e+09	1.4178462e+09	1.2323392e+09	1.5847184e+09	1.0051281e+09	1.3500565e+09	1.1833282e+09	1.5914287e+09	1.2513558e+09	1.2828934e+09	1.4995325e+09	6.7364912e+08	9.3017524e+08	1.0653444e+09	1.1022517e+09	1.2597432e+09	1.1786804e+09	1.5934933e+09	7.5778838e+08	1.1937727e+09	1.7156895e+09	1.7450385e+09	1.2122005e+09	5.4612752e+08	1.3548099e+09	1.8051064e+09	1.1526353e+09	1.4182674e+09	1.5118027e+09	8.204324e+08	1.9054227e+09	6.9300265e+08	1.7275839e+09	2.378803e+09	1.8401902e+09	1.3958174e+09	1.8597764e+09	1.9234375e+09	1.6191798e+09	7.3879204e+08	1.1065987e+09	7.7657853e+08	1.1837002e+09	1.2326741e+09	8.3390891e+08	1.2604872e+09	1.4858057e+09	1.1954112e+09	1.1184788e+09	1.3689089e+09	1.7415493e+09	1.5384452e+09	1.3719526e+09	1.3193493e+09	1.236885e+09
N-Acetylmethionine	13188186	7012098.5	4938709.3	4656828.3	5412547.6	5263403.6	18222753	7734609.5	7574542	4607259.1	7048068.9	11212757	12445955	8757337	19213249	14874541	6833005	6937781.7	8791595	7765782.2	14344246	6669117.2	8031532.1	8917964.7	5469763.8	7206439.1	5812261.8	4774366.5	12171843	12670386	5420588	6594622.6	16366947	4987751.8	4670137	2601510.2	11701406	8509789.1	9679047.7	5709151.1	20269092	6069755.2	12136838	3220605	8700568.5	6029425	17157997	6925825.6	3160712.2	28433422	8685942.1	14162590	8182550.9	16121025	4614567.5	32666663	6228968.2	8126526.6	5707805	7824752.2	4351915.8	5874492.6	6143932.2	10746303	9315544	15747541	8326959.4	2510605.5	6835540.2	9224638.2	5674288.9	5118962	5791787	7591133.4	3476606
N-Acetylneuraminate	3012923.4	1141853.5	6015061.2	3088721.9	3967974.5	3025682.6	2774049.8	5553665.8	8285725.8	2218552.6	1441269.4	5356749.2	3288880.9	3788062.1	4485671.4	6030592.7	2639273.5	4092850.5	3149827.5	2992002.4	3993655.4	5588466.9	6615410.1	2348588.8	9943397.1	20023129	5266447.3	7078554.1	11367793	3573038.4	4514126.6	13698255	18401166	11868032	9645155.9	4993090.6	4980622.8	7649764.8	22793304	2850629.8	17370394	3377830.8	4112450.6	3554817.8	12267396	6446248.7	5291640.1	4105046.3	9144829.5	16194092	7313694.6	2563711.5	13191273	3760038.7	9250512.8	2774331.4	4168513.8	5136167.5	1346112.6	5224814.1	1835467.1	13543951	2207390.7	5747280	3671266.8	4920759.1	4262030.3	6544448.1	11905288	2065962.6	3997401.4	3548251.8	4908250.3	1407447.3	2241472.6
N-Acetylornithine	1508835.7	743115.41	580509.47	198317.64	943403.39	689762	740823.48	1628912.7	188793.2	1083666.8	1546396.6	920940.8	768694.7	1385720.1	1627309.1	2393750.8	2022021.4	1128495.4	2073795.1	792476.19	1715906.6	1749117.8	44887.609	3743752.1	345406.77	228643.47	793399.49	49422.305	370771.55	898655.69	324783.06	284440.89	6070.1742	151268.57	529370.58	279607.88	113758.03	1025531.9	659212.8	251847.28	218094.01	411777.71	41491.809	8099939.2	34032.792	5409547.5	255344.32	1883448.8	468658.6	595098.58	50337.534	1692306.3	31789.712	46970.476	60732.211	953051.44	132859.95	125955.01	203183.36	25367.591	733764.58	193854.33	109209.29	49197.296	144828.26	292104.82	5268.9805	4840.4783	97379.753	469069.12	125551.91	377329.71	5015.2324	83504.251	482171.81
N-Acetylserine	1.2783375e+08	1.2448351e+08	1.8696719e+08	1.5426582e+08	1.6251246e+08	1.8501812e+08	1.1207494e+08	1.0482411e+08	1.7499367e+08	2.0514432e+08	2.1165739e+08	1.7704533e+08	1.9407056e+08	1.2643097e+08	1.7715455e+08	1.7157868e+08	1.7205468e+08	1.3425467e+08	1.7036708e+08	67562022	53168422	1.2713709e+08	1.5210454e+08	1.0969255e+08	85371161	1.284275e+08	1.1006194e+08	1.0926625e+08	1.2268872e+08	92707926	1.1545436e+08	75450974	80642645	83021631	83518158	1.4150137e+08	1.1006258e+08	76331085	1.572283e+08	1.2466237e+08	1.9353506e+08	1.0471058e+08	1.0021121e+08	47398329	73080995	84245563	1.093019e+08	1.1925769e+08	91136566	1.2670362e+08	77864167	1.1299437e+08	1.139221e+08	1.6901911e+08	1.3006692e+08	1.6887643e+08	2.0052517e+08	1.4772589e+08	1.010151e+08	74269366	1.3158252e+08	36781567	69816812	77289614	1.6186342e+08	1.1025505e+08	1.7624282e+08	2.2196279e+08	2.1324928e+08	1.6373048e+08	59473767	1.4803855e+08	1.1403488e+08	86639806	55501692
NAD+	21862424	17176379	68241363	34460479	28303292	61422621	17735966	35911135	50819245	68811137	22035291	51617173	39145661	47618827	53542936	59013139	50026309	35068418	39934558	34355574	16923306	54098338	62225926	77839355	46333641	22874513	61084530	52657146	29133115	49633494	39449019	19071465	31196018	22371791	34136941	61013331	63797776	22457161	41786591	20328621	18331268	52782844	90875616	93171550	54765197	16042107	19601816	22090462	22086171	26751857	52256917	36803411	36912553	64361209	38425740	57861379	72477991	47244008	62637709	61368565	81815120	24602001	38812098	53383116	51011686	82050101	43638355	48232090	70197248	30702353	89703914	1.0612131e+08	63605730	75283380	78021567
NADH	7956199.3	19748065	7652761.2	5834832.1	3024175.1	8280923.6	4394666.6	2883189.6	1705444.2	3051146.9	10191993	3848850.8	2878838.7	3934462.8	10855402	10431999	6720365.6	2504558.6	3264620.8	5963318.9	7832675.7	5813080.6	2173928.3	8109578.6	2516854.1	1556712.2	4277992.4	2318821.5	2818206.5	5199932	1339917	2114333.8	463635.4	3067249.6	2077127	2381372	6457447.4	2068663.1	4711364.3	1337739.4	2711797.8	2822242.4	3993440.4	869103.68	7228503.5	2646955.9	425931.91	2527274.4	2125896.1	556280.62	3048741	1651142.2	1189924.5	2927643.6	1476454	3199648.6	3152809.8	2116603.9	1632362.6	11017200	1768529.8	179963.14	34531.784	1811148.8	1162258.3	5739767.1	2339497.7	758820.48	1823754.8	920148.59	4123311.1	2202455.6	1202902.7	2847813.1	1851508.5
NADP+	12228075	11161647	6951859.8	5644342.5	9692875.8	8811554.1	5389191.3	4035509.7	5808646.2	9567990.6	13574653	8508840.2	7298289.6	19727213	13068122	11817176	13123981	6634311.3	9958004.3	12443535	26458776	10377644	17831905	11302634	4619139.9	8598485	9305874.8	8462230.5	11665122	6253205.4	5086751.3	7375009.9	3642008.2	9000059	4579227.2	5097748	5667862.4	5732759.1	13004367	4918141.9	8862934.6	5344303.1	7251434.3	24343859	4853791.9	9882216.9	3583368.9	5500001.9	5650512.3	2037983.8	15330543	4654680.7	4813657.3	4531188.9	6379061.7	6935842.6	4951087.8	8560110	5835810.2	6045786.6	2956951.2	2457200.6	3516247.4	4897196.7	6384056.4	4619281.6	5375556.4	3777909.9	5313723.8	5873721	3794912.2	15496583	6800279.4	7108644.6	2998983.8
NADPH	1540091.5	118294	235447.06	444312.12	29176.28	260047.21	825901.02	1031402.8	674087.11	129918.3	29598.401	704113.25	27150.862	38311.515	941131.31	497569.26	3709.3951	284186.58	37260.878	431579.33	2764.3395	540579.63	5416.9847	938289.37	73374.439	41665.33	133035.13	658201.49	532847.41	694869.56	807864.09	156314.6	456490.84	29846.869	277769.39	1041404.6	1179399.9	1289875.8	60691.24	700056.28	216223.46	47323.036	799759.19	5445.3783	761578.46	256809.56	399006.29	35013.255	4862.432	385346.33	1519989.8	226445.69	1628115.1	948558.18	982184.36	1897138.7	774181.45	421268.04	974787.96	1353423.3	179992.52	12433.915	309640.93	1415132.8	1196786.1	597390.98	492440.07	179251.39	181075.74	1285238.3	516927.48	5420.7983	5872.1001	1471646.8	43022.604
N-Formylmethionine	1823336.9	2182487.3	2705169	1771905.6	2418662.9	2365693.4	2148269.3	3071440.8	2976562.2	2617251.9	4194090.1	2994439.8	3685324.1	2017928.1	4804927.2	2473361.9	1890331.5	1818662.4	2554644.5	1238895.7	6174691	2935904.2	1523515.3	3413942.8	3581831.9	1822914.8	2603620.4	2633856.2	3066065.1	2364018.1	2986366.6	1307233.2	1698655.7	1272008.6	1794028.6	2343247.7	4337828.7	4013506.3	2133854.1	1159754.9	3193972.1	1270281.7	2340112.5	1370803.4	1743444.2	2067387.7	3625695.1	2456487.2	1594773.3	2697753.7	4117299	1830571	4710113.3	4081034	4177819.4	5542053.6	2550373.4	3270267	4125358.7	1823122.2	2559425.4	611589.58	2541708.9	5941573.5	6682783.8	2823902	2880947.7	5805550.4	3710013.7	7924066.4	3787924.1	2299814.5	3304102.6	3047621.6	2929046.8
Nicotinamide	1.5976098e+08	2.0445849e+08	20902139	6122425.1	20160820	24838747	94744774	11563679	15002472	23218170	3.640919e+08	21067541	12111302	20803521	25295796	28515241	27938056	6880810.6	11969368	25007718	56609244	41642353	81472390	28931029	16959616	16355794	32079929	21585096	49182806	13022772	10297790	17340134	9102458.6	17153291	13573639	22784531	17167773	17283332	61386522	19939582	23874894	21439824	24447218	43454857	15284872	38167622	10307057	12782708	13945885	14814775	90427029	39127375	14230400	16778269	44718926	15085298	31585336	34948139	26807808	24425342	16401245	41426927	15204516	13926450	30255577	28785552	39057143	49580419	19932279	32320274	32055306	71021274	58458446	43054140	1.0920954e+08
Norleucine	8.9379269e+08	5.1062521e+09	2.8187011e+08	2.4667662e+08	5.5315826e+08	2.7359369e+08	5.2997966e+08	1.4103484e+08	2.0524466e+08	2.6249536e+08	7601635.6	1.2612846e+08	3.8119823e+08	4.1463632e+08	3.2861469e+08	2.2902215e+08	3.8807515e+08	2.9451166e+08	3.7720897e+08	1.6417569e+08	6.1278294e+08	2.1683695e+08	2.9530054e+08	3.8616273e+08	1.8907585e+08	2.3203864e+08	1.5490611e+08	1.2328481e+08	1.4921722e+08	1.9340813e+08	1.2992684e+08	2.5106247e+08	4.2365358e+08	1.5005955e+08	1.129896e+08	1.5963948e+08	1.7336719e+08	3.0025045e+08	2.8182828e+08	1.1195593e+08	4.3470958e+08	1.2576752e+08	2.1044646e+08	1.3897925e+08	1.8984043e+08	3.0396997e+08	1.585671e+08	3.4951854e+08	3.4449058e+08	3.4871316e+08	2.4828058e+08	1.2060828e+08	5.1237538e+08	2.2466763e+08	2.430382e+08	2.9880956e+08	2.5551485e+08	1.93851e+08	1.6039417e+08	2.7115162e+08	3.1076703e+08	1.7647433e+08	1.3464294e+08	3.4441856e+08	2.6298018e+08	2.3370368e+08	1.0314083e+08	1.4972141e+08	3.78148e+08	1.8264304e+08	2.4596709e+08	1.4615087e+08	1.5818702e+08	1.4163507e+08	3.0484304e+08
Ophthalmate	7729192.2	4912923	12158541	6460788.9	16965815	15910099	5117179.9	19791636	13470125	13369914	2333957.2	8287939.9	3811206	13230549	6984352.7	8711198.6	10069437	13230549	13480661	8049379	16083736	8271363.8	10917005	9980432.7	10988492	17752705	11109573	20742122	10521017	11841349	14838698	15373710	48056227	20564253	12884905	28052208	12500173	20250205	20098373	15536814	28829054	13900983	35569203	47492113	24638942	29529387	16919326	28453473	57100371	34721554	40093183	17983073	55374252	18662408	23077285	7882896.1	15013785	20381963	15596281	15368941	90818981	14773951	9271888.8	31448427	27541949	21897162	18598688	13675405	58669332	39110635	26714019	13941188	22541675	19671291	21240804
Ornithine	2.8375954e+08	4.1341067e+08	2.7961976e+08	2.6286157e+08	1.1143742e+08	2.6283176e+08	1.2777984e+08	2.6170898e+08	3.1791444e+08	1.7434468e+08	6.2329134e+08	2.5021884e+08	2.2530185e+08	2.0260398e+08	2.8504974e+08	2.0126144e+08	1.2414025e+08	2.0879182e+08	1.7794135e+08	1.966606e+08	1.491869e+08	2.8449284e+08	79399592	3.8393163e+08	2.9288886e+08	2.3685545e+08	2.7348183e+08	2.3776906e+08	1.5181348e+08	2.2703236e+08	2.2354282e+08	1.5792951e+08	2.4646677e+08	1.7394631e+08	2.2917701e+08	2.5529872e+08	3.1367078e+08	4.0166392e+08	2.0453092e+08	1.6768221e+08	2.5666549e+08	2.4154241e+08	1.6791462e+08	2.0350313e+08	2.9237955e+08	3.2711687e+08	3.0895962e+08	3.2513789e+08	2.7163618e+08	3.6165269e+08	2.0413667e+08	2.1381819e+08	3.2709909e+08	3.9999765e+08	3.6067252e+08	2.9511608e+08	2.9398944e+08	5.1961027e+08	1.926906e+08	2.5668304e+08	2.8540206e+08	1.010053e+08	3.2778343e+08	2.5609286e+08	5.7720453e+08	3.3700163e+08	2.8203359e+08	1.889264e+08	2.7772303e+08	4.481436e+08	1.6006416e+08	3.6202413e+08	4.6246244e+08	3.2301201e+08	1.8532173e+08
Orotate	54741326	33412353	47411182	52926307	93180200	1.1006409e+08	41482570	1.0903569e+08	90606062	64517978	1.4040568e+08	89877392	1.2280954e+08	86602230	78209941	48398479	69226816	96617843	1.2297835e+08	52928924	61266310	43628453	23555037	32698197	1.3305253e+08	2.0905981e+08	16153483	30993170	87649920	88649510	86298669	20704382	2.1163455e+08	65400365	90306763	72438540	45668664	1.1629748e+08	58509648	75249752	1.7784002e+08	38388225	12385108	67952480	48520445	1.4802708e+08	1.4714626e+08	37695382	1.1872968e+08	1.6166595e+08	30218209	55999472	1.1277904e+08	1.4028232e+08	63729340	1.9081079e+08	4852760.3	1.0267388e+08	62874529	12080532	16699002	46053905	50531270	55070483	81983275	5928256.5	17727200	6902070.4	19435072	1.4768906e+08	15876494	42184046	17512101	13737068	7200050.3
Orotidine	69148.968	89118.408	265975.33	206826.95	87971.454	176817.52	60496.153	769594.46	873636.99	252049.72	107562.84	675189.36	281489.67	343262.42	157073	213827.98	287430.21	602192.49	615591.31	255525.25	100774.46	174168.28	430183.6	258355.49	1224265.9	321703.84	568979.91	574476.81	143514.35	1091495.9	646694.64	186609.28	1003589.6	492917.36	1658378.6	1779858.5	649649.83	758172.26	540115.19	193474.1	274558.55	560245.28	1087136.7	639146.54	727868.23	428892.23	924139.32	415099.55	263826.56	385511.19	499658.71	743316.9	202961.53	1020712.9	357213.04	178967.52	755078.67	483400.46	879939.56	194406.44	1568238.3	195674.74	812386.7	904801.69	1267288.1	345960.79	474303.03	1389891.8	237508.28	597304.51	793285.66	295972.39	377568.02	521737.3	299071.92
Oxoadipate	2622769.6	1499872.6	364147.97	1274176	398850.99	2772075.6	558413.3	896960.55	743524.21	551693.76	2434476.6	1031629	25502.301	432452.78	419538.76	696172.44	692648.16	596223.77	136010.65	804413.31	348523.95	433246.27	366552.91	34498.477	862432.1	779807	681265.59	651678.74	423307.94	841982.87	44976.26	974586.72	1337411.2	487329.15	44628.452	1136630.6	1138336.3	926126.1	569050.92	271658.45	755136.34	56855.964	57571.814	989151.96	343950.89	401762.71	67183.771	1095395	839885.41	1037191.8	528598.12	413943.22	684954.42	949901.06	718081.56	477635.13	3237122.8	1228244.4	45135.47	30027.7	744711.55	2278884.7	1937446.4	738192.24	68722.903	910649.26	1365697.5	39748.81	1398897.8	389801.93	592267.43	967584.16	986602.59	1320553.1	559053.9
PC (32:0)	38083998	93945697	2.431964e+08	5.894162e+08	1.300224e+08	1.268104e+08	4.2613957e+08	1.9189477e+09	3.7138551e+08	1.7432314e+08	11804861	9.8588717e+08	4.3505731e+08	1.018413e+08	1.385141e+08	2.9543719e+08	43491412	3.3920832e+08	3.5973392e+08	3.7300271e+08	1938096.9	4.0005852e+08	42283601	8.0977942e+08	9.5967639e+08	2.6355842e+08	1.1429041e+09	1.6146918e+09	2.7124494e+08	1.6610018e+09	1.3475931e+09	2.0322492e+08	2.0880898e+09	4.1189982e+08	1.0667478e+09	2.6202204e+09	1.5715318e+09	9.8343553e+08	1.4933625e+08	1.0702674e+09	2.7502374e+08	9.821828e+08	1.703669e+09	25122787	1.6035909e+09	2.4439647e+08	1.924426e+09	7.488898e+08	2.5696095e+08	1.0252978e+09	1.0240292e+08	9.4237289e+08	1.3248108e+09	1.6064375e+09	6.2562782e+08	6.0520423e+08	1.1381582e+09	6.1593981e+08	9.1366041e+08	1.0548256e+09	1.3212978e+09	7.5149718e+08	2.3265923e+09	1.1545256e+09	1.9910613e+09	9.6616748e+08	4.7874986e+08	1.1454057e+09	3.8710913e+08	1.0521106e+09	9.3067256e+08	2.7851873e+08	7.4577516e+08	1.4048828e+09	7.5428429e+08
PC (32:1)	1.593668e+08	1.5334018e+08	1.7198644e+08	2.8584215e+08	2.2304103e+08	2.7388231e+08	2.2718336e+08	3.0070422e+08	1.9693567e+08	1.7466166e+08	54772833	2.4562547e+08	2.5894796e+08	3.035975e+08	2.6193556e+08	2.9312168e+08	2.6188854e+08	1.780272e+08	2.3514934e+08	3.6611973e+08	3.6787931e+08	2.20729e+08	1.7845793e+08	5.6825731e+08	2.0606957e+08	4.369468e+08	4.2761443e+08	4.1013509e+08	2.5048752e+08	2.9141702e+08	2.5395158e+08	3.5830652e+08	4.9593539e+08	4.31954e+08	2.5277773e+08	3.1022206e+08	3.1396127e+08	4.2726981e+08	3.8200152e+08	2.6211738e+08	2.070486e+08	4.1639463e+08	5.8784572e+08	35197430	6.3809666e+08	1.6260373e+08	3.4530867e+08	3.3921878e+08	2.7370848e+08	2.9592707e+08	1.3033297e+08	5.753626e+08	5.0377895e+08	3.3697438e+08	3.4528434e+08	3.4009701e+08	2.4719587e+08	2.4922363e+08	3.6878242e+08	2.3073026e+08	3.9556469e+08	3.9975013e+08	5.4404248e+08	3.2953747e+08	2.8102516e+08	3.4336345e+08	2.5464546e+08	3.9863222e+08	2.3088957e+08	3.4247066e+08	3.4833228e+08	8.1888133e+08	3.6741859e+08	2.7444466e+08	2.7032977e+08
PC (32:2)	30816645	43552939	25827185	36414395	33210067	42147037	32649644	35461016	30390090	40164432	28371551	36917712	27034582	52489752	56211196	35158819	51552435	22021626	29992278	43885835	91872152	31971409	29242760	41729634	26416891	29795785	51239639	31027641	25634755	26097247	23497483	37113775	32184639	50561877	14127811	13296985	17147126	25431643	57635925	33801909	27865164	40876001	48729126	24252439	30925917	26913411	18274937	60405675	43145822	16394061	46439537	39945039	44127862	24296462	40321585	42907935	13194288	32321214	36186184	14224099	28055319	80129850	36254061	21500982	30879719	20806776	29423291	38269370	26411222	18985249	33322068	2.1300334e+08	36946168	15074830	24727992
PC (34:1)	1.2911862e+09	1.7734939e+09	4.5187113e+09	6.1633484e+09	3.1614106e+09	2.8900039e+09	5.7367814e+09	1.1271512e+10	5.2583566e+09	2.6688798e+09	5.6213047e+08	7.9582301e+09	6.1806223e+09	2.7762465e+09	2.684543e+09	4.5849563e+09	1.7622117e+09	5.5117514e+09	4.4173062e+09	5.9061689e+09	8.6105169e+08	5.4048364e+09	2.0727647e+09	9.735148e+09	8.4100088e+09	6.0064665e+09	8.7548498e+09	1.1356681e+10	5.4693651e+09	1.0209357e+10	9.9373331e+09	5.8368787e+09	1.1248594e+10	8.5946785e+09	1.0661156e+10	1.1034735e+10	1.2254426e+10	1.1671694e+10	4.1350795e+09	7.8178908e+09	4.6781328e+09	1.1613107e+10	1.1233665e+10	4.8659345e+08	1.3841284e+10	4.0067896e+09	1.2584735e+10	6.1693486e+09	4.4875881e+09	9.3475386e+09	1.7222508e+09	7.335183e+09	7.6186999e+09	1.0277698e+10	6.0610792e+09	7.8421614e+09	1.0244587e+10	6.4223549e+09	9.1866253e+09	6.1176116e+09	8.8955543e+09	1.1084782e+10	1.4059923e+10	9.4051146e+09	9.4946767e+09	8.3333042e+09	5.7999353e+09	7.4057914e+09	4.9463863e+09	1.0748353e+10	8.017072e+09	6.3278939e+09	7.2705967e+09	1.2002666e+10	5.8652391e+09
PC (34:2)	1.9639167e+09	2.8704573e+09	2.8593481e+09	4.0216615e+09	2.1733608e+09	2.8757051e+09	2.8311311e+09	5.3072613e+09	3.6258579e+09	2.283297e+09	1.6809241e+09	5.027e+09	2.774385e+09	2.2356258e+09	3.2722313e+09	2.8991594e+09	2.5861486e+09	2.7758301e+09	4.2982717e+09	4.2436359e+09	1.3752081e+09	4.4844224e+09	3.4730731e+09	4.3620072e+09	3.5468917e+09	4.6617324e+09	6.0996e+09	4.1554134e+09	4.8195051e+09	4.6981615e+09	4.7066128e+09	5.774462e+09	4.6643896e+09	9.9451984e+09	4.9803279e+09	4.3221149e+09	3.7068814e+09	4.6705659e+09	5.2549267e+09	5.0409635e+09	4.2677724e+09	6.7846598e+09	4.9314808e+09	1.5695018e+09	4.4250604e+09	3.3002205e+09	4.125942e+09	5.2204016e+09	4.7460103e+09	3.4707357e+09	3.4224461e+09	3.595234e+09	5.9969113e+09	3.8851443e+09	4.3835858e+09	4.2948097e+09	3.0464987e+09	4.4914419e+09	5.2526137e+09	2.8773678e+09	4.3368654e+09	1.4590394e+10	5.0334616e+09	5.4244608e+09	7.711876e+09	3.4760423e+09	6.7248997e+09	4.7263936e+09	4.18512e+09	5.0330531e+09	4.6330715e+09	8.4341616e+09	4.9573361e+09	3.7213307e+09	3.7730815e+09
PC (36:1)	62062.112	1360652.8	7.0742713e+08	1.0828896e+09	3.4857609e+08	4837924.1	1.2901346e+09	4.4111923e+09	9.978078e+08	1.971357e+08	40555.485	2.3729251e+09	1.2889907e+09	86084584	15221872	7.0440333e+08	44673.086	1.075883e+09	5.531965e+08	8.1920131e+08	33291.567	9.2171319e+08	725645.13	2.4189665e+09	2.1200069e+09	4.1222059e+08	1.6983508e+09	2.687611e+09	6.199616e+08	3.2111397e+09	2.7811917e+09	4.2487642e+08	2.7941707e+09	9.6154871e+08	2.9455368e+09	3.3282771e+09	3.4586296e+09	2.2078247e+09	1.3534586e+08	1.7449856e+09	3.3665806e+08	2.3375195e+09	2.0166325e+09	1444154.5	3.3428243e+09	6.2505742e+08	3.0991139e+09	1.1961631e+09	4.8476496e+08	1.9312289e+09	389180.81	1.1892111e+09	1.1672401e+09	2.1610014e+09	7.0478618e+08	1.2760671e+09	2.6175645e+09	1.2308526e+09	1.6127291e+09	1.1296244e+09	1.4229717e+09	1.671705e+09	3.3437082e+09	1.7482768e+09	1.9099077e+09	1.642332e+09	8.6469435e+08	1.1954853e+09	84027140	1.1176884e+09	1.3954611e+09	6.9270271e+08	8.7494063e+08	2.513855e+09	9.2560682e+08
PC (36:2)	1.3859728e+09	2.0438814e+09	3.0622097e+09	4.0437592e+09	2.0819553e+09	2.1492672e+09	3.1770767e+09	7.460361e+09	4.5327216e+09	1.9858545e+09	8.6099153e+08	6.4511311e+09	4.9289535e+09	2.3048234e+09	2.5157238e+09	3.3279448e+09	1.500235e+09	5.1088783e+09	4.3533746e+09	4.2015937e+09	9.2027236e+08	4.2598588e+09	1.2555895e+09	6.3664223e+09	5.1669923e+09	5.1472121e+09	7.3310214e+09	6.6931517e+09	4.4705018e+09	8.272209e+09	7.1821898e+09	2.8356022e+09	7.5836755e+09	5.016163e+09	6.1948997e+09	6.2510814e+09	6.9693302e+09	6.1255214e+09	3.3325448e+09	5.3596501e+09	3.3719439e+09	5.5715689e+09	8.4707856e+09	5.0585756e+08	1.014786e+10	4.3367175e+09	5.90728e+09	5.0492745e+09	3.2199658e+09	5.4725245e+09	1.6205991e+09	5.3711072e+09	7.2879761e+09	6.3969657e+09	4.4792804e+09	5.9780185e+09	5.5611453e+09	4.7237112e+09	5.5447682e+09	4.6950146e+09	7.5640326e+09	7.2804336e+09	6.9305369e+09	8.356483e+09	8.249551e+09	6.7537738e+09	4.8910162e+09	7.162719e+09	6.5373381e+09	6.8951963e+09	6.2584874e+09	4.3783417e+09	5.4458797e+09	6.4229432e+09	3.5238678e+09
PC (36:4)	6.7521573e+08	1.0609302e+09	1.0499688e+09	8.2314847e+08	7.2862395e+08	1.2833691e+09	1.1729416e+09	1.2067702e+09	8.0528207e+08	8.3731083e+08	1.0641289e+09	1.1670716e+09	1.0150502e+09	7.9897847e+08	1.0181866e+09	1.2278038e+09	1.4061992e+09	8.7514454e+08	1.293883e+09	1.1761162e+09	7.0778133e+08	1.4519252e+09	2.5277277e+09	8.9097568e+08	1.3100963e+09	9.8371227e+08	1.2544323e+09	9.2946022e+08	9.8099311e+08	8.1696971e+08	8.3153256e+08	3.1805726e+09	7.9281983e+08	2.8128212e+09	1.3806226e+09	9.5860243e+08	1.0263778e+09	7.2951799e+08	1.9768442e+09	1.1646418e+09	1.2841049e+09	2.4065749e+09	1.3035974e+09	1.2558223e+09	1.0790716e+09	1.471708e+09	1.1084871e+09	1.6399621e+09	1.2733382e+09	6.0715539e+08	1.3096459e+09	1.0232917e+09	1.2799789e+09	8.4112738e+08	1.1350565e+09	1.0667938e+09	5.2242936e+08	1.055365e+09	8.0266971e+08	5.6341539e+08	7.1349372e+08	4.8178405e+09	9.3897938e+08	9.9625232e+08	1.3141458e+09	6.0020565e+08	1.7734759e+09	6.9526471e+08	7.6979376e+08	7.3669425e+08	1.0703479e+09	2.1579623e+09	9.8568268e+08	8.1528103e+08	7.4750598e+08
PC (36:5)	48146282	84436144	62747324	58555125	51078033	98781352	89051868	64126140	55740214	1.1098911e+08	98304008	66617397	61210543	81088667	99172716	77249397	1.3629881e+08	54122649	69240394	83720795	92082268	92259030	1.0401647e+08	50105165	74991880	61637785	89806487	42990701	72509248	51526913	60217235	1.1631472e+08	47898907	1.3526817e+08	58988353	52704506	78543190	46746232	1.5135579e+08	1.1962545e+08	77920017	1.3814761e+08	85342791	1.1847445e+08	57580905	96375515	71911271	1.4284159e+08	96375905	28883351	1.0172644e+08	63829128	1.0073001e+08	47584044	87817493	90690838	40435627	79093702	50128295	27475310	55959015	2.5136607e+08	75336202	53359695	96067307	38354717	1.1018963e+08	61497790	55456088	39175698	90418631	3.8832659e+08	66718362	39546314	41811456
PC (38:4)	2.7758407e+08	4.1163952e+08	6.6111436e+08	5.6139907e+08	3.6771118e+08	4.7782738e+08	9.5866677e+08	1.0772345e+09	5.8453872e+08	4.1336261e+08	2.4898098e+08	9.9297039e+08	7.2744107e+08	3.5159237e+08	5.9012179e+08	7.6575735e+08	4.2239262e+08	7.2238092e+08	8.2426501e+08	6.3635972e+08	1.6081595e+08	7.9379897e+08	4.7412629e+08	8.1484812e+08	1.1621586e+09	6.1795171e+08	1.057598e+09	6.7104502e+08	5.5595398e+08	9.1806509e+08	7.4409153e+08	8.9751049e+08	6.8252122e+08	1.0312214e+09	9.4030117e+08	7.2516789e+08	1.0057129e+09	6.9968542e+08	1.0246568e+09	6.8759524e+08	6.2179094e+08	1.1242111e+09	7.9543445e+08	2.2833917e+08	9.4859844e+08	5.7810562e+08	7.9998085e+08	7.1452007e+08	4.988907e+08	5.4842672e+08	5.6799307e+08	5.2882282e+08	1.0101058e+09	7.1154439e+08	6.0032928e+08	7.1932166e+08	4.5368196e+08	6.9404533e+08	6.6362678e+08	4.5305021e+08	5.1107036e+08	2.3105134e+09	7.5044388e+08	9.4409903e+08	1.4898817e+09	7.902378e+08	9.6018141e+08	5.8594091e+08	7.8624346e+08	6.9403322e+08	7.6361913e+08	7.5279649e+08	7.8323057e+08	6.2734136e+08	5.4459546e+08
PC (38:5)	2.4161593e+08	2.9520121e+08	3.5490937e+08	2.8445058e+08	2.6892664e+08	4.5006785e+08	3.5761e+08	4.3437898e+08	2.7700719e+08	3.4654031e+08	3.360159e+08	3.7065994e+08	4.3817037e+08	3.1162812e+08	4.0322073e+08	4.2903415e+08	3.4172407e+08	3.6848179e+08	4.7206271e+08	3.5633071e+08	2.536141e+08	3.9577632e+08	5.7547981e+08	3.8393398e+08	3.9685499e+08	3.3286318e+08	4.2305885e+08	3.3351043e+08	3.236955e+08	3.3905325e+08	2.7654818e+08	5.1501189e+08	2.8480766e+08	5.3481214e+08	4.193027e+08	3.1238871e+08	3.858979e+08	2.8415556e+08	7.1593412e+08	3.3306058e+08	3.8290436e+08	5.5570877e+08	4.7062535e+08	2.6592796e+08	5.0769587e+08	4.8250098e+08	3.8419706e+08	4.7965696e+08	3.6793493e+08	2.3967169e+08	3.2164923e+08	3.4430868e+08	4.4259049e+08	3.3219219e+08	3.3200609e+08	4.2177665e+08	1.8955303e+08	3.6912322e+08	3.0211064e+08	2.1524497e+08	2.0528759e+08	8.2993658e+08	3.1524748e+08	3.6926558e+08	3.9343245e+08	2.7765563e+08	3.4760462e+08	2.4365516e+08	2.6141869e+08	2.4741019e+08	3.7121185e+08	5.070125e+08	3.835408e+08	3.3645034e+08	2.2978046e+08
PC (40:4)	7996076.7	15633853	48373933	57577010	22434195	21816364	52854749	1.2617335e+08	53478692	27630698	3693212.8	1.135869e+08	58269744	22115430	33291458	54778546	20322634	50204419	66456012	58561017	3091944.6	55360091	8249259.9	1.0458036e+08	95690857	48481061	99290987	76017541	52186224	1.1474333e+08	86105357	35520239	97831045	57222503	1.1997294e+08	92530600	1.1361713e+08	80451971	35255252	64811475	34022542	98727421	64144344	3023807.5	1.2261232e+08	27803759	89831424	42215226	30111775	62885548	15956744	55062832	93841818	1.1319058e+08	58594343	71131350	41299984	51864866	96975634	51484329	56569476	85616848	97793389	1.2938069e+08	1.6034664e+08	91921665	71626165	71504302	74380794	76243270	1.0052667e+08	50630755	93365507	76043102	54167138
PC (40:5)	59749409	61866929	1.0270747e+08	98287772	76873058	1.091032e+08	95451816	1.767426e+08	1.2801854e+08	78995868	42633655	1.4899879e+08	1.5080888e+08	1.0160199e+08	1.3639881e+08	1.4503331e+08	85896787	1.2511419e+08	1.3908397e+08	1.2178941e+08	31762632	1.2448928e+08	78977205	1.9439893e+08	1.2385889e+08	1.5074496e+08	1.5163861e+08	1.6134042e+08	1.6393039e+08	1.6269349e+08	1.3882212e+08	1.2737454e+08	1.5548176e+08	1.5670887e+08	1.5454707e+08	1.6830745e+08	1.9207425e+08	1.4301289e+08	1.3734675e+08	1.5239804e+08	1.4238059e+08	1.6970402e+08	1.7073908e+08	34827617	2.6416531e+08	1.1019923e+08	2.2537262e+08	1.2119747e+08	1.2603675e+08	1.6619429e+08	79505818	1.3493267e+08	1.8657715e+08	1.6697463e+08	1.2975872e+08	1.9892922e+08	1.1694079e+08	1.5988801e+08	1.3719475e+08	1.0988922e+08	90835649	1.9429443e+08	1.820293e+08	2.4483465e+08	1.9605838e+08	1.7510868e+08	1.4493036e+08	1.2910901e+08	1.6641642e+08	1.683556e+08	1.737166e+08	1.2173333e+08	1.8532011e+08	1.5356891e+08	95449847
PC (40:6)	67214891	75117415	89665702	78380698	63880509	1.0587535e+08	82779287	1.4747147e+08	81588796	93535518	55002050	98891470	99023104	82383027	1.2909904e+08	1.0733701e+08	93095200	1.0008855e+08	1.4333852e+08	87032820	39276669	1.1834746e+08	94070166	1.0633083e+08	99945929	95288185	98347799	95423555	1.2379047e+08	1.0335309e+08	1.020905e+08	1.1038442e+08	1.0039118e+08	1.288031e+08	1.1999046e+08	1.0991815e+08	1.3426826e+08	78667781	1.7308192e+08	1.6005799e+08	1.3959015e+08	1.9611884e+08	1.3377968e+08	69286673	1.494503e+08	98057465	1.4614379e+08	1.1843789e+08	1.2483628e+08	1.2128746e+08	1.1190234e+08	75249328	1.5554566e+08	1.0370728e+08	1.0288353e+08	1.5497881e+08	87172446	1.4442836e+08	1.3135492e+08	70324121	73442986	2.6630607e+08	1.3786313e+08	1.7465857e+08	1.7496995e+08	1.0886873e+08	1.5858635e+08	1.1360968e+08	1.1033539e+08	1.0509217e+08	1.13975e+08	1.3900302e+08	1.2858747e+08	1.0004158e+08	68596702
PC (40:8)	9102486.7	12458904	12719914	2573148.1	9223828.9	14153469	17033697	11550560	5591193	16110889	14982299	4958670.7	6678020.1	4700646.8	15692967	11707130	13163515	7531933	11388764	4396160.6	10589242	9693318.8	41702241	6155420.3	20173989	5189760.9	6185721.8	1426348.3	5810370.8	4677841.9	4427445.1	14897992	1269400.3	11503894	6413297.2	4425086.1	12101508	4816233.6	50456280	612740.35	14616137	5405821.5	8579574.2	16689311	16440815	12945594	5893567.5	13974786	12858875	3382938.7	8415268.8	1814671	5900599.6	2836616.4	7281323.4	18670544	1266315.2	6232842.7	1456729.8	3245768.8	3544253.3	16945034	2507069.9	5860670.5	7260591.8	2705973.4	6220433.8	8095262.2	2175487.8	1845753.8	5668023.3	8553377.5	10054949	2308689.2	6489985
P-DMEA	28482458	30950483	26292423	14828888	37740609	33860923	19156970	33861739	30922193	37862340	29490802	31559098	35236325	36048575	38911119	35477167	32620612	25198254	36230622	23503622	1.139437e+08	28334700	40064913	43266197	34657604	32994002	28335138	28857963	38330699	37247900	30189723	26959031	40055845	29758219	33041557	28577615	28615342	71276301	38102069	23823542	61846455	23995644	31791087	22032739	32810567	51974354	62597319	35419910	50057280	23056287	56656920	35685578	42233210	53313217	57657039	57558647	60844235	44152794	48735771	28161221	76455963	33186244	23863808	56859795	66254795	52954131	47291019	54831985	53484711	60041541	39951619	66118542	59486429	39270325	39499553
PE (34:1)	4274623.8	5428341.7	12353299	28418906	10852577	6545655.3	21572851	43410119	21367918	5787242.3	474588.92	30710309	14264289	8745459.2	7354555	13970596	6239392.2	15673913	16328381	20773654	8078838.4	20716525	2493207.3	26670155	24188968	20258436	46557383	49783441	22724554	35903418	34336442	19548372	56465884	54614909	32655882	54937378	34050578	27946397	12275840	51804264	18266078	69437203	79443131	12537434	43764643	29815709	58060698	45496492	29891427	37807025	17379133	40686157	49871147	29102105	27190049	14756462	34097960	35693154	28503793	30006405	34514957	2.0345051e+08	64658978	24726404	46707216	21896810	40331338	52940092	18733886	21805985	30211300	38864667	24596765	36132250	15472308
PE (34:2)	4686475.5	3986010.8	10539936	25139609	6974802.6	4739137.4	14081905	27902144	16193459	6321445.8	2156622.5	22527753	8430301.7	7773577.5	6632398.2	7231078.7	5895878.5	12100518	14394950	21806983	4357331	17362999	11535104	6034232.5	15833792	26808713	41397114	21792656	23193060	20846535	22141818	26876030	33947842	60756505	28923257	24274718	14787316	15744044	25017464	21102717	13230549	32311531	35815033	22765138	11894954	18534881	11930259	30004887	29374600	15100818	31120147	21688870	29016506	11421391	20123023	4752534.4	11681825	17341518	20461737	17194048	22645610	1.9510866e+08	12806671	11702746	35035792	11485002	46317150	31945885	13930601	13172171	28770389	42702093	18296216	10362599	20357015
PE (36:1)	27236383	36566432	61447422	62926190	56330915	35969386	79709062	2.0466154e+08	1.011268e+08	36747570	7732191.6	1.5036089e+08	69003805	46922444	48491352	73325500	33728854	81411905	50921798	96607175	22268427	59914717	30326820	1.3427279e+08	85329216	69521150	1.5825172e+08	1.5918028e+08	74608386	1.6671073e+08	1.1948906e+08	62204228	1.8699895e+08	94115181	1.0393208e+08	2.6579654e+08	1.5122879e+08	1.4662157e+08	73108697	1.5503103e+08	53798734	1.6901646e+08	2.3726164e+08	6355905.2	2.3260988e+08	58881326	2.297316e+08	1.4060616e+08	68912852	1.3972841e+08	15697622	1.3335662e+08	1.4131663e+08	2.0372919e+08	70583933	1.0714626e+08	1.3923179e+08	1.05856e+08	1.273991e+08	1.0084972e+08	1.6575741e+08	1.2451751e+08	3.9980876e+08	1.2499867e+08	1.8594465e+08	80718746	67499557	1.349128e+08	68531521	97624853	1.1129124e+08	90436302	1.1506786e+08	1.722153e+08	56841478
PE (36:2)	33114603	48552387	50476888	76404587	39243837	31245795	69987966	1.5762269e+08	87620311	37747426	23011280	1.2706685e+08	58370261	45258729	46655267	47747642	40187484	71364371	67654309	94545841	20449315	64376501	29528048	79630978	1.0622139e+08	86937364	1.5176543e+08	1.5178473e+08	73038783	1.3839808e+08	1.1663421e+08	56592339	1.7453798e+08	1.2345634e+08	87513780	1.6476028e+08	1.0519415e+08	1.140838e+08	66928095	1.2441447e+08	63799723	1.1715055e+08	1.8807555e+08	27702687	1.5906022e+08	95809669	1.0525744e+08	1.1432263e+08	88807530	1.0639005e+08	39019740	1.003866e+08	1.54403e+08	1.1367263e+08	86438609	78385482	98619162	1.0662444e+08	1.1070857e+08	95953644	1.2883765e+08	2.8330024e+08	1.9133604e+08	1.275077e+08	2.0249906e+08	71960175	1.2542978e+08	1.6499922e+08	70930805	1.1232563e+08	1.5366033e+08	1.0890992e+08	94412054	99886319	49618168
PE (36:3)	23700673	24095117	21473769	46102919	17673282	15332543	28419541	40746652	36942608	19783692	13074961	51866225	16914123	22563581	19654965	20841262	20209172	26943340	41963298	50083054	8725570.7	38085713	26137860	22509768	46885550	55829518	74255346	46386462	46250080	40261685	36648914	37849561	66315288	88783862	39653190	40510255	30985740	42435152	52311185	41682205	35396747	57540509	69451586	43608042	49515431	59131576	26863142	59733642	53921503	39389096	49936998	43542125	87673491	29067545	44710233	22105088	33671859	41029043	35550615	40901319	50434865	2.8270081e+08	52891372	62190172	82052020	32933040	84415553	51323207	41400986	47775806	78583596	72804110	36374857	33614982	34825136
PE (38:1)	13540954	20854393	58064536	63905973	50168071	23609348	91488969	2.085277e+08	98070382	32575104	1648926.5	1.4341147e+08	1.0784197e+08	37684680	31557865	67814933	16971571	1.0714586e+08	49527149	94765439	3381321.3	71643082	16785474	1.3561376e+08	1.240282e+08	69716637	1.4591628e+08	1.9536722e+08	71658700	1.5120519e+08	1.6942179e+08	56354318	1.6849756e+08	1.2211716e+08	1.836809e+08	1.5775331e+08	2.1078698e+08	1.6041879e+08	64113923	1.2483207e+08	56695860	1.939975e+08	1.8400666e+08	1760613.4	2.2800877e+08	59874838	1.5992752e+08	1.1057599e+08	59638717	1.1941745e+08	11625744	1.1267109e+08	79230177	1.6511839e+08	70896902	1.029628e+08	1.7287951e+08	93305658	97757513	64250106	94830507	1.4781731e+08	2.3588685e+08	1.394357e+08	80732317	91301878	49186214	1.029395e+08	61557297	1.3389458e+08	99438006	60344731	89141316	1.5681833e+08	62075711
PE (38:4)	6928900.5	23670839	46663689	66816452	24605952	7676595.8	89002650	1.4875554e+08	55184840	14572595	9604599.8	90791363	37172974	28756710	6015884.3	43155983	27972453	68696184	59917923	77325395	8643535.4	57934637	29615427	63779178	1.292277e+08	57611613	1.3155189e+08	98900074	51862282	92298288	76238458	86095607	89302779	1.2121503e+08	99413279	1.0135105e+08	89829259	69749783	65338709	79896499	54595702	1.4690513e+08	84812741	24081713	1.1426608e+08	73504681	1.0627338e+08	86449415	65600354	69690137	34015362	64921551	69995886	75523490	53868714	37682721	52786980	61198883	68670311	39771132	63048406	4.5065243e+08	1.0667594e+08	66291130	98281227	40124317	83189458	1.0149878e+08	32858500	46404695	89100546	82367178	71327087	75707530	57790709
PE (38:5)	15600110	15061639	35197306	40979914	27313939	29735723	40557559	27155750	37421049	27114587	11107275	38148489	30380052	32248388	21368113	28418315	51472433	55622640	54623335	63321574	34676267	49281640	1.4024653e+08	26629967	36296794	61167648	75326600	32232447	67636369	21261277	24246317	1.4898372e+08	30602077	1.7771241e+08	52368828	22739816	22162933	21338855	1.0381134e+08	61969314	54016602	1.4284134e+08	47415039	92549671	34401796	91564488	29250695	79473748	1.0012692e+08	21589178	62601056	37407362	29380203	17875236	49432432	21995045	15656755	36331126	21767774	18341064	22393638	4.9973688e+08	21364643	20568908	21509235	23409185	68228923	32827861	18661593	10643446	36005872	1.236514e+08	35394293	17993921	27218101
PE (38:6)	8101093.7	4983945.8	15042548	18418377	13230549	14939851	16300883	3685273.8	17325270	12618434	4578944.4	13750101	10599788	13225012	12703505	12660177	31593631	24150915	35911964	37761277	23039067	27773970	78325547	2368057.5	4713561.9	19049263	26031154	8258520.2	44126513	2553750.4	917647.27	95118663	10912312	72417153	19378042	1751789.6	9009147.8	1501334	49263442	42077021	20958431	83634403	25208615	88869181	2769822.4	30276174	9574423.4	39229526	52551758	1189455.5	39610212	17073825	1225053.7	123462.01	20825578	4498038.5	3367271.1	17478734	8475000.6	2631069.6	10749205	2.5859469e+08	926666.61	926478.84	3151083.9	10494183	37896395	24942875	5352809.9	1146995.2	7117915.2	70464864	14861449	935946.87	14369400
PE (40:5)	54835.315	201851.75	43887.424	3806545.2	30942.303	45762.603	4595772.2	19831338	65133.899	36684.856	35833.018	12413809	463405.96	40077.217	38762.151	40385.566	39471.147	1722915.6	2140673.6	10627835	147074.72	2478866.8	2278244.9	2514933.5	3007870.2	13515363	28304538	17142070	16579060	1735588.8	14945996	23938218	19325226	32577986	7809770.9	12862954	11580831	4685968.6	17615393	26550361	5415045.6	27770116	20048064	5462885.6	25581037	1508861.6	7893640.1	14731935	16348011	29565612	6799514.1	16579505	18482162	14110172	1980452.3	2728520.1	6112694.7	2278762.3	1384552.4	9758235.5	13503587	76285795	21293787	17785735	14840956	6831241.6	16889187	11090679	458222.47	4850646	17471227	20960920	3190382.7	12029125	4610691.8
PE (40:7)	1270243	412108.34	5102860.6	838428.07	5590604.7	5723998.9	4663004.9	597672.5	3251458.2	6002311.9	4007273.9	776644.24	3104001.5	2930457.1	4561373.7	2552321	14423813	12093092	10938395	10116596	7597961.2	10238243	29870270	67066.091	92273.98	1583444.4	6815979.7	1511884.6	13306137	101505.34	87435.22	24606829	96903.637	24912778	1925750.8	1094632.8	2651528.5	1150873.3	19529668	11121141	6818785.7	36595529	8158044.2	35227009	1730780.5	16284296	130607.3	15104293	23326470	73535.936	13674707	6247145.6	92623.23	108350.18	7991271.3	2482261.5	88058.083	2445253.7	1181224.9	483649.72	2199689.2	85993529	162648.4	105947.51	133599.42	1422461.7	7463046.6	4430885.9	353836.05	79837.137	93877.576	24865137	613089.32	89473.236	1484567.1
Pentoses-1	5513310.4	3658875.6	2640894.1	1510172.1	2504901.8	6191724.6	2198885.4	1974974.9	2513836	3437161.2	3938268.2	2525404.6	2035310.7	2970137.3	3514916.6	3270006.2	3364402.7	2747570.4	2005785	2070017.7	9022166.4	2604593.9	3666982.9	3541703.7	2351490.3	2134567.4	1829444	4268665.7	730769.2	2118317.4	2780754.5	14552107	2456388.6	2109923.8	3151582.4	2333877.8	3116347.4	4677173.4	2533883.9	2325692.4	3126114.7	1806500.4	5961350.8	7336518.5	2015060.9	4799993.2	2152808.1	4129070	4537548.8	2393969.4	944653.76	2084445	2131645.1	2648479	4358676.4	3464935.4	1872626.9	2154103.6	3501220	1404898.3	2502729.3	2706243	1486206	1757940	3591845.3	9855653.7	1896268.5	4011014.8	1952711.2	9434770.3	3209756.5	1513597.4	1655224.3	2791793.9	3077149.1
Pentoses-2	24694868	28699369	24220950	15029989	19933725	28499882	14865343	16497254	21524510	30904702	23534267	27713735	19033027	22508280	29995644	26794189	26840923	19965630	20844408	16260049	17924662	26748990	28878123	49509428	22449853	17933717	15049600	62934598	17463026	18404346	25390337	73284393	22775294	11950798	39279651	19358183	24475106	39722855	20480998	22046573	18309146	23386859	1.1582766e+08	98992795	21147287	24325248	25049861	55668044	25331278	24219004	15699196	21916092	12782850	22479007	35703386	29671274	19038214	23386580	30794363	16503966	31036661	23754835	14485826	13284579	28067877	61009488	15859782	21691477	15276630	1.0152527e+08	38508119	36234337	15182593	33343499	26460326
Phenylalanine	2.6152765e+08	1.1038195e+09	1.509313e+08	1.4799961e+08	2.4387523e+08	1.7377869e+08	1.5529285e+08	78657317	1.1180119e+08	1.4964056e+08	1.7163451e+09	68019295	2.1501507e+08	2.6334144e+08	2.0990143e+08	1.3029308e+08	1.7767628e+08	1.3923153e+08	1.9577927e+08	77203336	5.2857539e+08	1.0911038e+08	1.1527147e+08	1.9523149e+08	86042836	1.3512412e+08	80261007	75033408	75127947	1.0743188e+08	82523595	1.9082413e+08	2.9089288e+08	1.0428424e+08	61082487	90786386	69196844	2.3199365e+08	1.4805469e+08	59705229	3.1826269e+08	60518447	1.1447405e+08	91648645	1.0888663e+08	2.2047768e+08	94340549	2.1573621e+08	3.4912962e+08	2.5896691e+08	1.6652776e+08	59600495	3.0495134e+08	1.6271475e+08	2.0510494e+08	1.80985e+08	1.6382306e+08	92428517	1.7383137e+08	1.437598e+08	1.8413767e+08	2.5011405e+08	72455906	2.4571285e+08	1.6324207e+08	1.5488515e+08	93157078	1.6533726e+08	2.565953e+08	1.7036077e+08	1.3276873e+08	1.8790043e+08	1.0248797e+08	96357448	1.8690086e+08
Phosphocreatine	620.6662	4068.3769	31076.776	12201.477	4713.0264	8207.7554	6196.1095	1055.9202	60246.237	28573.743	20342.668	20155.219	27035.799	8769.8364	14790.96	457.11337	62704.213	51104.316	9522.3577	48566.331	2394.2579	13786.968	90189.07	2962.176	50370.436	662.26859	9406.8776	846.28072	2499039.8	70888.663	48127.353	4410.8109	856.00822	17814.022	37906.354	123338.56	16256.301	787.11767	3661.3804	806.04317	456.88074	14666.651	27103.975	47394.378	959.85211	3491.9775	16871.373	640.64141	9105.086	882846.46	11293.729	622.0118	67520.769	234401.93	4417.3297	58710.797	55480.445	77719.615	46639.088	16599.164	55715.208	1497.5534	1436.7713	134599.95	1147488.4	19181.946	8692.4927	161159.99	35576.695	66418.867	58798.604	652.88644	166300.92	52825.591	106588.02
Phosphoenolpyruvate	8888323.7	16409909	9101144	13026825	7687138.9	5461927.5	5895818.6	13230549	13991210	8363919.5	9870814.9	13280342	9144253.5	26131709	10703221	14927155	11950937	5752826	13230549	13449083	35473372	24122742	26170068	23764578	12218952	13230549	18882397	12452850	18244609	14495586	13132986	28633063	7438771	31168831	9247248	8748749.5	18214762	7555694.3	24215517	12225671	12362433	21996932	11295562	28055301	11164238	20113396	10464408	14894652	11906558	5633257	43291941	7154156.4	9692727.7	9975351.9	3352086.3	6195289.9	13230549	10791682	5906641.8	13981155	16585540	9839944	8168235.9	10912740	8785321.4	17096878	11736443	21293335	3929633.8	10373025	8591241	32644214	8581362.7	13230549	3806885.5
Phosphoethanolamine	2.0518954e+08	1.9590912e+08	1.8711305e+08	84723975	2.7651403e+08	1.8469741e+08	86884467	1.6327766e+08	1.2809199e+08	1.6505434e+08	1.6787311e+08	1.7404138e+08	2.3870865e+08	2.3351635e+08	2.9351483e+08	2.0071498e+08	1.8509266e+08	1.5934764e+08	2.6511058e+08	96739521	1.0165933e+09	1.6033683e+08	1.1183711e+08	2.0027435e+08	2.8879668e+08	4.0114295e+08	1.3630705e+08	1.4245139e+08	6.0113155e+08	1.7951005e+08	1.011087e+08	3.3518826e+08	5.7677316e+08	2.5180651e+08	1.9351505e+08	1.0437948e+08	1.2006501e+08	4.6411942e+08	3.0619015e+08	1.2710115e+08	4.24062e+08	1.2746792e+08	4.970208e+08	1.9444968e+08	1.9258436e+08	4.6384804e+08	5.1551602e+08	2.7734421e+08	3.0245893e+08	2.418936e+08	5.3140956e+08	1.9366414e+08	4.1118791e+08	1.534035e+08	2.8367684e+08	1.8549439e+08	3.1875285e+08	2.7687398e+08	1.8768884e+08	1.9094028e+08	4.7729978e+08	2.6590849e+08	92690069	4.598287e+08	1.6333552e+08	2.5987624e+08	2.0046714e+08	4.8663272e+08	5.5845822e+08	2.6967726e+08	2.9629224e+08	2.0513085e+08	2.1006706e+08	1.6274602e+08	2.0609256e+08
Phosphorylcholine	2.561216e+09	2.7861203e+09	3.0070616e+09	2.0065195e+09	3.454854e+09	4.0529249e+09	1.9694308e+09	4.5386657e+09	3.8110921e+09	3.7217243e+09	1.9775725e+09	3.8393262e+09	4.5008454e+09	3.1624505e+09	3.8227217e+09	3.9168356e+09	2.734956e+09	3.1390536e+09	3.9120924e+09	1.9454446e+09	5.6410448e+09	2.5650193e+09	3.6343662e+09	5.5217436e+09	4.3271605e+09	3.415448e+09	3.3251181e+09	3.4429868e+09	3.4806046e+09	4.8579142e+09	3.7266053e+09	2.4988375e+09	5.2965657e+09	3.3397586e+09	4.2203816e+09	3.5159935e+09	3.4230422e+09	8.2680897e+09	3.3938041e+09	2.6412517e+09	6.2710563e+09	2.9721121e+09	4.593822e+09	2.1504507e+09	4.3471703e+09	4.8447538e+09	7.3578399e+09	4.5663507e+09	5.4819989e+09	3.3345538e+09	4.537858e+09	4.3935279e+09	5.4451609e+09	6.9350552e+09	6.6247849e+09	7.482471e+09	7.1041258e+09	5.1877574e+09	5.8304827e+09	3.54265e+09	9.1278266e+09	1.9963397e+09	2.687759e+09	6.7914105e+09	7.6700039e+09	6.6949289e+09	5.069514e+09	6.3537628e+09	6.2729731e+09	7.4065757e+09	5.1520136e+09	7.1764265e+09	6.8977779e+09	4.8370748e+09	4.909209e+09
PI (32:0)	387365.89	4231994.2	18452666	34941031	12065847	9922779.6	24780632	29588664	17213104	13230549	2642037.2	36681764	29083316	9403833.4	14120332	22159189	17765443	48210162	23782714	30536698	9097004.9	33715084	28944769	34427924	22393219	25133909	54929760	26503230	30009269	20311824	15922250	67260713	18238727	1.7677389e+08	39190251	18381855	21326844	20165860	61879367	46381150	27268880	1.0039848e+08	25701496	18042378	26124875	37018511	18013358	53812761	54373498	12347600	15908495	35789669	14272916	9680875.7	22500077	16410113	15967113	16846773	25897549	14323442	13337147	1.106614e+08	9686233.9	8272313.7	11371708	13996773	42161314	28554473	9556205.8	10511282	13230549	57397399	12063466	13465329	18921651
Pipecolate	72359518	15526863	35570425	19759164	24089852	52898286	10161623	30136457	14819919	18073973	26889264	26828306	32303923	22145875	61419409	63675626	34075514	23623489	17081646	8015275.2	47119643	18589755	5706084	24822954	13564207	15425092	15130605	38224851	46718069	18104096	76656775	5908369.7	12241298	7059752.4	11385434	31257890	24341859	13230549	8909568.1	34444060	26882495	16601896	25122533	1.1204733e+08	16795936	12539980	25418836	50408404	44851024	27055811	19061531	22479580	61085708	63185916	18403892	79299162	40747923	16408903	24178546	33005416	25710083	14450088	35118781	76073782	1.1052844e+08	34763265	1.0263685e+08	32469387	34956522	32178931	17903733	77092089	15354169	44211194	11355580
Platelet-activating factor	2.4700709e+08	5.9236012e+08	3.4496674e+08	1.7445221e+08	2.9364433e+08	4.0837199e+08	2.6656879e+08	3.066031e+08	2.2113902e+08	2.614397e+08	6.151582e+08	3.0693072e+08	4.2869344e+08	3.181001e+08	3.0959815e+08	5.1905514e+08	2.5718624e+08	4.0804729e+08	4.6610223e+08	2.5509329e+08	1.7410335e+08	3.4236801e+08	7.9333798e+08	1.1724467e+08	3.3351674e+08	1.2349874e+08	3117149.4	1.2218993e+08	2.6486794e+08	2.7468356e+08	1.7865062e+08	1.8082915e+08	78103702	4.4542162e+08	3.52508e+08	1.6292353e+08	1.232602e+08	1.5084989e+08	5.6498835e+08	1.4312456e+08	2.2179852e+08	7.0602493e+08	1.8695126e+08	3.1227286e+08	1.6291874e+08	2.7397513e+08	1.2908348e+08	4.2873403e+08	2.3438085e+08	77118794	2.75745e+08	3.3571986e+08	1.3067197e+08	2.1158541e+08	1.3149856e+08	3.9751902e+08	65007455	1.9571484e+08	53996630	43425484	14874144	1.0415608e+09	1.6714696e+08	38916171	1.3168083e+08	88606196	2.269237e+08	18694160	45324033	51656326	2.0238912e+08	4.5670581e+08	1.8425816e+08	97134915	1.2584632e+08
Proline	5.5217961e+09	7.5967335e+09	5.3008754e+09	4.9162496e+09	4.4530381e+09	6.1549595e+09	3.8192752e+09	4.3735505e+09	5.6293117e+09	4.6758311e+09	1.0606666e+10	4.6372028e+09	4.5498892e+09	6.8517176e+09	5.7446275e+09	4.5120829e+09	5.0918404e+09	4.6275933e+09	3.4825582e+09	4.3738708e+09	4.4216596e+09	4.3148711e+09	4.4825672e+09	5.683692e+09	5.2905922e+09	4.7791031e+09	3.0250809e+09	2.9334306e+09	3.3793455e+09	4.6739035e+09	4.3705129e+09	4.736644e+09	6.2974016e+09	3.5851215e+09	3.3224979e+09	3.8856603e+09	3.6257652e+09	6.506883e+09	4.944857e+09	2.9060914e+09	5.5498357e+09	2.9175192e+09	3.1841208e+09	7.9359471e+09	3.7966971e+09	5.4663755e+09	4.3516611e+09	4.1266817e+09	6.6181412e+09	4.4608508e+09	4.5208283e+09	2.3335186e+09	6.9133324e+09	4.9918051e+09	6.4926761e+09	5.4516983e+09	4.1227265e+09	3.7432381e+09	4.7399566e+09	3.0755155e+09	4.309902e+09	3.6613041e+09	3.221562e+09	7.5180264e+09	6.7699246e+09	6.1099626e+09	5.8443418e+09	3.8781295e+09	4.9725606e+09	4.9151075e+09	6.2904642e+09	3.5001582e+09	3.6636984e+09	2.7769261e+09	5.4646444e+09
propionylcholine	34524931	89924905	99782279	81864023	33551682	32014055	53937506	8.6472738e+08	4.5565595e+08	60309351	23187562	1.6077713e+08	44661824	61680830	40675144	48029168	24161159	63010660	52691302	1.396907e+08	18005536	39858615	1.2097217e+08	3.1123756e+08	2.015159e+08	1.2279696e+08	5.6123302e+08	3.5306156e+08	36375699	2.2167614e+08	1.5514574e+08	2.7311686e+08	3.0421316e+08	1.7774418e+08	4.8552192e+08	1.6402242e+08	1.0577063e+08	3.527036e+08	35459267	1.2454621e+08	21178555	5.4311486e+08	1.8331767e+08	2.1281095e+08	6.3774198e+08	3.676438e+08	1.4796385e+08	3.3656283e+08	1.1763689e+08	59219089	1.4433326e+08	1.2494366e+08	3.0341794e+08	1.3162237e+08	65911388	2.5987681e+08	55288798	1.8798054e+08	7.0661547e+08	23106450	2.0693967e+08	6.0162778e+08	5.1060813e+08	4.4829358e+08	2.1882448e+08	2.0635857e+08	1.6073248e+08	2.8477447e+08	47841070	1.7435525e+08	3.4596783e+08	17149790	88516675	5.0071095e+08	80081278
PS (34:2)	99307.224	1199460.9	2574518.7	8948878.9	1327070.5	1589042.6	6569407.6	14106610	5823643.8	2032920.9	64893.903	13544115	3312649.3	1759523.4	3534695.5	3984947.5	1871978.2	3818091.8	2420404.3	3676224.8	775050.66	6354880.8	2046457.8	13004875	13931525	7788958.9	18729590	16899019	6264589.7	17971821	18709757	6401808.1	31168046	8857881.1	11206014	22997221	17588702	15323641	4356382.3	16915419	7050491.2	6232296.5	20625980	524681.05	14338945	2382730	12488246	5036171	4613638.2	15857102	2212259.4	17964617	31970898	14036023	8869140.6	10373783	15628346	6909897.9	20360189	9980069.5	31186250	7412909.5	13274441	42659364	49174253	15392837	9423801.1	43273680	6273491.9	27111550	16107661	5965775.3	8846057.4	25729571	12524682
PS (36:1)	9332290.3	1.0437325e+08	6.0290111e+08	1.1833978e+09	1.9315592e+08	63643218	7.8181647e+08	6.3768145e+09	1.182527e+09	1.848147e+08	9599588.1	2.9126875e+09	9.1930595e+08	98152740	1.1253093e+08	5.7292428e+08	34373470	7.6236389e+08	3.5236505e+08	3.3084529e+08	9481769.8	5.0756976e+08	13015251	2.774329e+09	2.3895037e+09	3.9422393e+08	1.9456529e+09	3.8651986e+09	2.9925268e+08	4.3148994e+09	3.5446231e+09	1.6889511e+08	4.2595124e+09	7.8191469e+08	2.7517242e+09	6.9914764e+09	4.1237933e+09	3.1759705e+09	93591320	2.4101406e+09	3.8171563e+08	2.3056526e+09	2.9056205e+09	13378723	4.1443352e+09	2.9739401e+08	4.5117162e+09	1.0840742e+09	5.2160567e+08	3.0915089e+09	32915226	1.5829555e+09	2.9496831e+09	3.9563692e+09	8.428815e+08	1.9830156e+09	4.2003054e+09	9.4415883e+08	3.5306339e+09	1.7896834e+09	2.3888018e+09	2.4961004e+08	4.4395291e+09	3.0465209e+09	5.058491e+09	2.3775661e+09	9.2632838e+08	1.7633563e+09	7.2652119e+08	2.7742764e+09	1.9683753e+09	2.6963233e+08	6.1176105e+08	4.1892408e+09	1.2472084e+09
PS (36:4)	113501.19	756225.06	4567806.2	11397007	2232391.1	2824325.2	8155785.6	7467592.5	5377052	2564029.8	370845.77	9583724.8	7309666.6	2130725	3922139	5335197.7	3101756.8	14950814	5742992.5	7535528.7	2386415.6	10031448	7568084.4	4977779.2	6278721.3	7282747.1	10792725	7253076.3	13230549	6718622.5	5008725.9	13169516	7283643.9	52366432	10433536	8778632.9	8414659	4485821.8	17897600	16428284	9221271	20035475	7124021.4	4141463.4	7374162.9	9076826.5	7155366.5	11437222	8523326.4	5733414.6	2985142.8	16434172	6912005.8	4163184.4	7619635.7	5555804.3	6528890.7	4066966	16682691	5079976.3	5682974.6	49734102	3120612.6	6985155.7	8412753.9	6635233.6	17843263	11483842	3430166.7	4746762.1	4319645.4	17607046	4774331.6	7392424.2	7612300.1
PS (38:3)	47639.85	8965162.7	32799358	81101927	26456828	7093315.1	32434473	2.6522036e+08	61601591	13678849	1812517.2	1.1221775e+08	62512844	8879281.5	19610318	39870697	806475.6	20728510	764522.27	12562851	1321166.3	439727.1	269140.25	2.2559303e+08	1.307732e+08	63908261	2.1785961e+08	2.1178902e+08	34435059	1.8100064e+08	1.6896074e+08	43764.995	2.2583603e+08	55184.292	1.6620403e+08	2.4034784e+08	1.6467077e+08	1.7975292e+08	41939.237	1.0237413e+08	579002.75	467021.2	1.3059148e+08	501649.16	1.658142e+08	240299.98	1.2717003e+08	49173.067	39569790	1.2126476e+08	6873886.5	1.0026021e+08	1.5635533e+08	1.3819035e+08	62952349	95163553	1.247721e+08	52589865	2.0613276e+08	86674432	1.0767406e+08	961741.16	1.3238253e+08	1.6352288e+08	2.3518905e+08	82152315	53358965	2.1411883e+08	37245708	1.4200703e+08	1.5522776e+08	8653785.4	44583521	1.520648e+08	1.8095664e+08
PS (38:5)	4849732.4	8522018	40254922	72364296	25749225	25077902	50287762	56978677	35224897	28515305	5298143	73774235	59263762	19075280	28995297	45488881	35121787	95511967	47679270	64080867	19100822	70267280	59030480	68478024	44406370	54232431	1.2475941e+08	54212502	61829577	41982903	32378983	1.4063094e+08	41256000	3.5347622e+08	74737951	32982263	40384318	42453498	1.2467674e+08	96028555	54205621	2.0491509e+08	54137704	38763451	53879594	78933719	37271769	1.1149181e+08	1.1825188e+08	25554535	32256929	74030533	26933936	18322386	47557573	33957759	31443837	32576559	51262160	28550688	31254076	2.3618532e+08	18477516	22067831	23714773	28769263	82930792	60181651	18947287	20487737	27218466	1.1704947e+08	24166634	27643195	37733168
PS (38:6)	69070.136	1018602.6	3818928.5	7805556.1	2933730.3	3163599.2	5560846	10946113	7564402.6	4222319.9	315322.74	7006239.8	6641485.8	2859838.8	4193337.3	4457791.5	5700644.8	19203666	8552202.3	14326641	5115985.6	10592240	10142859	3551640	7305990.3	6567384.2	8598596.6	2955020.6	26322193	3364754.8	2394403.3	10142927	3680299.3	37460004	14324838	5729806.4	5095985.7	704800.14	16696613	16824680	7730136.6	19137831	10845985	10405727	3811109.6	8898040.2	4623830.8	11462977	12482482	1001920.3	6013318.1	17239480	2396125.1	2055721.6	7974407.1	6253851.8	6410276.2	4850865.2	7696376.2	3762438.6	2940579.7	35304425	799447.38	3413145	131333.24	7229815.1	9885945.6	8807521.4	1421364.9	836200.46	1452773.8	22968370	6000238.7	3249918.8	9459771.1
PS (40:5)	1105003	7951742.9	60426459	1.036456e+08	26845364	16887879	97526109	2.1670021e+08	62904820	30556882	3558159	98193521	85638058	12847586	17637096	53411433	26094772	1.1104297e+08	48660823	63176188	7994841.8	77555503	23261176	1.4153637e+08	1.2957313e+08	71664893	2.6703115e+08	1.8394328e+08	94544264	1.0899246e+08	1.3834572e+08	1.5832931e+08	1.6660102e+08	4.7337458e+08	2.0968339e+08	1.5245462e+08	1.4813503e+08	99388931	63777100	2.1709663e+08	76605219	3.0213175e+08	1.3986327e+08	25226754	1.5838791e+08	68170022	1.4027084e+08	1.015266e+08	1.1657405e+08	1.4653676e+08	17918115	1.6516554e+08	1.0001938e+08	80942982	81683624	69273815	1.3784087e+08	64131146	1.3394221e+08	62421146	95021870	3.1257949e+08	94690046	1.0495411e+08	1.1380563e+08	82924076	1.7183762e+08	2.1207443e+08	31699171	1.1971247e+08	1.1026402e+08	1.2041247e+08	56212232	1.519179e+08	1.2836408e+08
PS (40:6)	2030014.2	10978793	78941838	1.1898877e+08	54657472	26835461	1.1917587e+08	1.8041526e+08	67174057	47337718	4372774.4	1.399578e+08	1.3131079e+08	14682478	33739980	69031020	56638133	2.7492039e+08	1.3705362e+08	89948118	14456526	1.3835122e+08	45545939	86240768	92608235	68211995	1.7764531e+08	1.4507407e+08	1.5750643e+08	1.2192735e+08	1.2593017e+08	1.8566614e+08	1.4703443e+08	5.5218252e+08	2.3081028e+08	1.1510513e+08	1.4825262e+08	86764120	1.4461113e+08	3.5552733e+08	88961626	7.0233742e+08	1.486936e+08	58047578	1.4375085e+08	89208705	1.3481095e+08	1.5534726e+08	1.9374772e+08	74194174	17538025	1.2026101e+08	64107313	50631444	98199921	88887192	1.0746197e+08	54071967	1.319154e+08	53262441	1.0022704e+08	4.0682861e+08	86875939	81101892	56617790	88983405	1.2108273e+08	2.4029772e+08	32389818	97905365	74159615	2.0365448e+08	51739744	99615516	1.1745418e+08
PS (40:7)	169144.54	1196409.2	9336752.5	14368962	8535336.5	6734834.4	8583776	5828155.2	7512176.7	8628313.3	864645.15	12838220	12585202	3211468.8	7165512.6	9429905.3	14075645	25868026	16275481	13230549	6192877.1	17712260	15544895	8551876.6	3824992	9726058.9	15468843	8657179.5	17226230	6653972	6321606.5	16843554	7634370.7	66961468	10783977	5792854	9086042.5	4111115.7	25237057	27692537	12171443	52232229	11161575	16330854	9143572.4	17582812	7434956.2	20251195	27453215	3883525.1	6788769.6	13230549	2298116.8	2918392.8	11145143	9928292.3	4543170	7112725.9	9575875.6	5490236.8	6087131.3	47999499	1957751.3	4517612.6	2488858.4	5244171.3	12416332	10823114	3872006.6	4083661.9	4520423.7	30178917	4827345.8	3685748.1	8859573.1
Pyroglutamate	1.1699117e+08	2.853038e+09	26942519	17158493	13377535	63861700	22306886	18767680	14103782	21701769	5.1173715e+09	20181249	13230549	24391859	35659276	21541603	22677690	55420507	11359610	481602.82	52171605	10581311	16017350	28486789	23216863	9783504.3	48580902	12045921	11013224	19923100	20269654	16829186	13855055	13317333	14310026	20775885	29578533	34995797	17110583	13230549	28862375	12078792	16639316	40213556	17013739	14907569	32096466	35471797	34195996	27562492	83112772	7544578.3	35652139	40629562	26311012	34063844	14867056	9533431	25447417	70840375	21975895	5185484.9	13069478	19932114	25729162	24259350	12841879	8419643.9	24242085	31327128	30355960	7708998.3	11777587	13949838	22195548
Pyruvate	47291199	39777313	37849282	8701965.4	20698449	15149322	25836002	28951461	13230549	26824667	44594385	21999446	43239204	45597264	45205032	46204815	24863429	14722325	16231784	47366078	65961298	65359694	82708497	57818861	19827536	35142131	30447327	11768805	29535143	24408900	24010971	32975144	15285092	24185390	15722559	16383617	24537525	31881611	79362923	20131036	42416761	10044843	8222445	60536884	11062246	40234152	1919046.6	28227029	16700256	20677990	39397934	29339981	59596635	45285822	28666940	1.1569888e+08	17847197	46994304	30536355	7659349.8	26132471	20313687	21795426	46429954	35253307	11286546	19337341	12329735	40567118	52679808	21390429	28945657	52327181	29505543	39639387
Quinolinate	1520162.9	490672.41	620618.51	700964.05	699865.97	1729090.9	1150634.9	594890.12	406202.32	569903.53	467213.08	625642.23	484200.23	164803.01	233779.02	355288.79	2948.779	445261.56	504448.69	81091.352	1443045.7	340999.43	21531.126	633495.33	1664198.8	197744.36	464619.22	1194951.7	729019.02	872161.32	1016158.1	5077900	2530427	951499.81	1014047.7	530694.31	1079307	2339434.4	136392.24	402439.48	3124968.3	639122.48	1586463	848595.69	1235331.8	872001.57	1749477.4	2422612.4	2628992.6	8630183.5	5137.8059	534996.4	4297437.3	2531655	2980184.8	945439.67	3125571.7	258093.14	945889.09	497098.26	2370099.8	9884.3256	818150.34	2789612.4	2273425.3	1097923.4	966328.49	22929676	1400206.9	6893178.4	8043439.7	1938784.3	200963.99	2882627.6	1823063.6
Ribose	1007260.1	496785.58	857251.9	599185.03	355829.17	839713.46	415758.85	1662975.3	3299279.2	969139.06	657623.58	1604700.3	500675.9	675943.88	1122357.4	824352.09	1001235.4	1051448.3	645039.85	1591690.9	395112.66	1064729.6	2547393.9	648776.97	1651403.9	1522714.6	1234962.5	3079181.7	909517.36	1310759.7	2140755.9	4035122	1295456	656925.17	2647511.9	2686675.1	1383425.9	2403491.1	1109456.7	1279445.3	624158.5	1791740.3	4543761.8	1498160.1	1290424.3	1309383.8	1564209.8	1965044.4	1075410.3	730927.26	2249130.9	903935.24	738445.17	1626417	2217587.4	799192.39	820447.54	1840860.1	1664318.4	323950.03	1236432.4	3572275.8	2412854.7	1223473.3	2429689.3	6846716.6	1806696.1	783037.4	623134.47	2057724.5	1320896.7	1195659.2	937614.96	1112825.3	889371.8
Ribulose/Ribose/Xylulose 5-phosphate	19257993	13230549	7482370.6	10716011	6464617.3	4427123.5	8293973.9	3361929.2	348017.48	3372945.7	5318632.9	2671252.7	4487500.7	1525058	6362124	7545143.1	6427594.4	2490413.9	2944778.9	903888.46	1310279.1	2837969.4	3239981.8	2964847	1706400.6	499180.82	2011314.1	1168360.9	316190.99	1584684.6	2227648.8	1517716.8	465283.58	1682733.6	1295749.8	790046.61	3534542.3	1200367.7	3663534.7	3247359.6	1814043.4	1072326.7	2003580	3670228.8	3602403.9	2819420.9	881875.42	3361533	2011202.1	975792.37	350250.89	1094223.6	1557692.7	1227760.3	1716163.9	2410480.4	3383260.1	1179696.8	1871676.9	9125752.1	3832946.5	633868.32	1696177.1	1337175.4	2666051.1	4576713.2	691538.16	3645083.9	3882173.6	3000616.3	3178397.6	854646.65	2760926.1	7868809.7	3491674.1
Saccharate	684372.08	795763.97	1162681.5	298888.03	431584.92	1319163.9	232613.66	2365074.4	2873262.5	517744.23	1374736.7	1057742.1	732416.97	1307334.7	1520292.8	1463658.2	471694.86	868645.43	1147667.1	1021585.4	1549762.1	1012053.9	1206570	801315.14	1948536.1	1157069.6	1594247.3	1738488.3	388245.11	2058472.9	1075858.4	574998.75	1280471.3	617266	1648623.4	1991276.6	1050292.7	2118044.2	599859.95	560171.38	983280.01	908902.27	1995605.4	623047.44	2366967.8	1100482.8	3332474.1	835960.6	532527.53	729893.44	5849929.4	507990.34	1071978.5	2252057	2805758.2	961566.37	766588.68	2626153.8	1456227.3	312579.19	702300.42	1265923	2253592.3	2340008.9	1889165.3	827791.59	1919411.4	977099.08	747273.94	1057044.7	784661.83	1969360.6	1550260.4	1504873.1	152143.37
S-Adenosylhomocysteine	7164557.1	3996919.8	7485653.5	4831081.3	6614679.4	4439220.9	5207568.3	7378939	9177174	9513220.7	3910547.3	9443279.4	8473756.3	6455477.8	9495086.3	8588450.8	8171451	7377514.9	9176201.1	5302075.6	2931331.6	6831962.3	13230549	7832107.2	7620997.6	7022043.1	5407610.2	5082318.6	7522809	7971547.4	5845711.2	4515456.1	6236988.8	7325907.6	6000409	6369599	6766718.7	8626248.2	7416518.5	5000655	10778191	5624013.3	5402481.6	8385548.1	5325772.9	8968318.2	4812461.8	7885162.3	6362337.6	4810271.2	9379782.2	4001568.5	6571716.4	5589116.3	7451638.7	8779693.7	5192515.9	7098874.6	4688061.9	5526144.1	4221672.8	6861583.3	2545306	4640515.3	5056937	5156374.5	5628142.9	5036382.1	3768919.5	6722308	6161411.6	9148430.2	6621321.6	5482361.1	13230549
S-Adenosylmethionine	69857517	66756334	69478864	69735491	75475401	69568920	32174225	48379683	64631300	80188925	53667730	59945057	1.3423491e+08	98890017	55108059	92551424	57730332	42641196	1.4270542e+08	42155840	67333596	54719939	33242758	56741866	39824259	40672271	34385507	62947917	26581953	44434777	46840912	20939342	58943144	41989123	51588682	25617653	49967939	30196766	27358178	22790151	61927377	47693923	45750819	53901520	37859711	59856252	1.1183247e+08	1.1639933e+08	40014366	41597402	79130014	53530586	44365741	51568903	29142136	53817639	98455184	1.5063246e+08	29787338	63312119	77513078	31851709	77586010	45264816	33104854	27313988	74518414	75752010	86745780	60156404	26207874	90831783	1.3385558e+08	98757966	29479847
SAICA	182214.91	674436.79	660098.16	769025.67	595271.77	1040456.8	362151.83	2936810	7404409.2	301546.75	46375.125	1855120.7	514287.68	1261653.3	745710.97	1412622.6	503932.74	945159.9	793978.52	3116177.2	483577.25	670349.44	211701.3	1190025.9	1083148	818646.43	714296.56	3530615.6	4445918.8	2909499.3	16708002	1321533.2	5422930.3	3665973.8	13026198	2116418.3	5159543	4013523.7	1772963.4	2864562.9	2823807.4	1206921.9	2749765	162141.68	9343661.6	445042.49	2317506.1	3761584.6	2986167.1	1204456	4209720.2	394053.07	1517089.7	6950844.4	2677650.1	4244654.5	1682702.5	6015377.3	4790613.3	374483.84	4625710.3	9024416.7	13542216	6652098.3	3100013.4	7795768.3	16991.719	5484545.4	12000.811	207046.86	3587814.5	4539650.2	4043354.3	989209.44	269839.09
Salicylamide	1994525.8	917970.23	2512165.2	2282636.8	3279918.1	5156978.3	1746413.7	2507073.4	2522027.4	3344078.3	1814898.8	2383065.2	1600569.4	1820849.6	3910426	2452018.8	3740377	3072048.4	3916041.5	4285449.2	4508109.7	5085329.5	14132390	1119660.5	2904661	3160605.1	4049021.6	2489575.5	4592083.4	1628161.6	2358701.6	8730452	1522992.1	11581423	2069853	2091982.1	3302751.9	2526043.7	6753608.9	3551203.4	2497909.2	5055310.6	1706278.2	33687620	1459883.4	5772650.9	1932890.3	2501200.3	3310348.3	1042180.9	3748970.9	1678359.5	2333277.6	1536406.6	3945594.7	1163398.1	777592.95	1108213	1926297	630674.85	999764.39	23922474	712181.56	1315791.6	900267.24	1131254.4	3324735.5	1701664.7	1140856.9	727693.53	2767850.8	8236151.5	1068646.7	528918.07	1403008.3
Sebacate	4015491.8	2315146	451594.23	934646.49	508099.06	2549675.5	691051.29	588001.39	389715.48	381276.54	1471991	671298.69	615767.39	417567.4	584546.27	388315.63	413685.56	600504.14	404365.08	956310.72	920499.98	748803.42	691416.15	552651.21	1500027.1	650244.09	1023368.2	716332.6	646714.81	1219477	663280.73	711362.78	1097610.4	906025.44	1005908.5	59535.517	759337.91	672290.04	684192.69	1016582.3	410490.45	254633.19	942563.11	572899.28	476268.49	320830.32	762495.23	711860.46	512443.64	795138.93	782918.89	3094610.9	466444.09	3350480.8	563991.38	513054.65	683381.17	806595	426313.7	958827.43	792629.37	78110.677	1098887.5	553311.83	918344.95	528696.67	1024952.9	639884.68	478926.19	969639.42	2475270.8	34053.813	613447.73	803127.25	741895.82
Sedoheptulose	76924.616	45310.996	143340.35	134713.7	18383.448	98689.823	59823.69	322755.42	270254.17	125040.97	103668.56	330686.98	143567.88	85945.535	123978.82	88661.308	99694.768	123139.28	75919.75	144029.31	29386.768	39966.36	105678.53	115575.93	222871.1	53405.802	141049.36	135782.43	37203.957	312109.84	165325.71	46514.154	129880.3	92736.862	225350.82	583262.56	272721.69	276193.23	44266.657	66790.348	66118.885	433462.05	137185.16	104175.18	133633.4	49090.209	58049.873	70891.219	89789.793	109429.87	124730.3	171956.74	70239.394	379291.65	121370.34	160851.42	246282.45	99096.298	210260.35	19814.41	216856.4	11508.811	226276.1	377984.27	355701.36	218871.86	72534.307	213747.91	30426.864	89011.656	218371.27	92089.609	145980.49	96903.298	264833.63
Sedoheptulose 7-phosphate	28264965	38442289	37978843	19778658	67254639	17414166	15320581	10493609	1967018.4	21915516	8340084.6	2910006.1	29878487	21835492	32224624	20182142	21659844	13076537	22406606	3657268.9	3315651.6	6382889.1	5553395.4	5006764.8	4660100.2	7014836	5305528	1393021.9	2295434.3	2337984.6	6711542.8	3730959.1	808797.38	2924049.9	2961035.9	2758074.9	6477068	1175383.9	6777252.7	3501106.2	10753998	3780347.2	2756009.5	1.1081656e+08	4163110.5	7749226.4	4017511.6	2193128.3	5767194.4	11674700	3035366.8	3670930.4	1865991.4	2972370.3	6717274	5833188.3	4360346.7	3889565.6	9023639.2	3987356.1	5212276.8	3241115.8	7911202	3428835.3	8612489.1	3231004	3542312.2	7480830.1	4599202.3	6999510.6	5758389.3	3787697.8	8938534.7	10454348	4869911.1
Ser-Arg	72882165	4376789.6	2920991.9	6356065	10913005	20901627	37683553	8920596.2	15155018	5621838.8	2223941	13399796	4728180.9	12061575	8600592.4	10588199	8314046.7	3929255	6151384.7	10554061	4542811.7	5836625.7	5108850.5	5566172.4	12666720	20543864	6502208.5	17745721	1802179.8	8899704	13230549	11552332	12125939	6635703.6	13733582	7027284.8	6497911.6	6688061.7	5836143.7	4294913.9	4916849.4	20140024	18169399	3998332.7	15434906	13230549	15431974	7070797	8774106.5	24516593	3450812.3	3784465.5	5864967.6	5631711.6	10989539	4967766.9	12192412	7676840.8	2294158.9	8564833.4	7459920.8	17472136	7749726	7188410.7	6892555.3	4551174.1	5473457.4	3122288.4	12858163	11457234	5261444.2	4614094.4	6477021.9	21059192	35469202
Serine	1.2200124e+08	3.5857874e+08	95743416	71471706	69753317	1.0403656e+08	57446120	1.0384037e+08	74904941	74135329	5.8176315e+08	86572571	1.1957331e+08	63931073	94252753	1.105156e+08	51795869	91462190	86328636	79458531	42752928	1.1202428e+08	90337613	1.6505671e+08	80312218	85299632	70425870	1.0941811e+08	29197732	81215098	69593801	68646046	1.1121782e+08	73292239	88353739	85003158	90359500	94594063	74635727	43576688	68168080	92043218	68802875	1.3141845e+08	1.024483e+08	66595326	49033339	81499432	75812819	92967482	65505692	46956153	1.109959e+08	1.0426027e+08	68534519	1.3783428e+08	82062364	1.0240082e+08	52471026	1.0279436e+08	57617927	63787078	78916759	68028263	1.4941613e+08	1.1643775e+08	70991082	48506614	1.1867988e+08	72884464	57844317	57018268	53690999	99215868	58813561
SM (32:1)	1.7283431e+08	1.3384733e+08	2.938296e+08	4.43449e+08	3.254826e+08	2.8187585e+08	4.1263869e+08	8.8565998e+08	4.4977583e+08	2.1393399e+08	55615670	6.1737528e+08	3.314615e+08	2.4863348e+08	2.6828538e+08	2.9464146e+08	1.426355e+08	3.3131155e+08	1.8235215e+08	4.6705106e+08	56679220	2.9364173e+08	1.0804204e+08	4.5294303e+08	3.7123198e+08	2.3379416e+08	5.3358059e+08	4.076244e+08	1.9954069e+08	5.8917609e+08	4.4239445e+08	3.4130977e+08	4.557564e+08	4.984885e+08	3.8973557e+08	6.327339e+08	4.0492258e+08	4.5189432e+08	2.9088974e+08	3.3224616e+08	2.3311098e+08	6.9232949e+08	5.7205296e+08	51965290	7.2060747e+08	2.4665856e+08	5.6334141e+08	5.5205162e+08	3.7430168e+08	1.7441509e+08	84258221	3.223109e+08	2.8133614e+08	3.8247012e+08	2.3083374e+08	3.0028525e+08	3.2325945e+08	2.2988377e+08	3.2991197e+08	1.4899006e+08	2.4825517e+08	6.4279062e+08	5.4070335e+08	3.6956768e+08	3.195325e+08	2.6613445e+08	1.7486571e+08	3.1938113e+08	1.2318112e+08	2.0652964e+08	3.0024353e+08	3.1736187e+08	2.7922937e+08	3.0405979e+08	2.2060852e+08
SM (34:1)	2.5376069e+08	4.1403385e+08	1.4354719e+09	2.1140061e+09	7.5398392e+08	6.5903639e+08	1.9132697e+09	7.7542595e+09	2.4067158e+09	8.8987245e+08	1.1076732e+08	3.7244185e+09	1.6855195e+09	5.8877178e+08	8.0702423e+08	1.4754344e+09	3.1751784e+08	1.6591497e+09	1.506793e+09	1.529576e+09	83157576	1.5508585e+09	3.1239335e+08	3.3467153e+09	3.4665564e+09	1.3809158e+09	3.8752745e+09	4.2374222e+09	1.3193606e+09	4.6007118e+09	3.9034755e+09	1.1315376e+09	6.2977368e+09	2.2731637e+09	4.1223375e+09	8.9930591e+09	5.6246568e+09	3.2701669e+09	8.6023536e+08	3.6819911e+09	1.1715592e+09	4.6188871e+09	5.4578904e+09	2.3412463e+08	5.6761371e+09	1.338786e+09	6.501221e+09	2.8194089e+09	1.1806357e+09	3.1499612e+09	4.0667552e+08	2.8978512e+09	3.5552521e+09	4.6260774e+09	2.406187e+09	2.3823281e+09	4.2056208e+09	2.4733616e+09	3.9264407e+09	2.0125309e+09	3.6248749e+09	3.4999134e+09	6.8419008e+09	3.1037777e+09	5.0769776e+09	3.0155848e+09	1.8535685e+09	3.3656526e+09	1.4383703e+09	2.9480867e+09	3.7331811e+09	1.3956894e+09	2.3706388e+09	5.1384471e+09	2.7079782e+09
SM (36:1)	118212.79	915166.94	10437000	13741591	1118518.6	98654.032	13230549	76177544	21715145	2094800.1	77248.048	41938470	10250978	431987.93	491960.24	11445086	85091.046	11812572	7461564.6	10829265	63412.102	8621303.3	124262.01	30592411	31052689	6819571.9	36366764	50771108	6966410.8	34986463	37840852	5467871	52742151	25975164	33251626	92450940	72086513	19315702	3919972.4	69982810	7671050.8	83981318	75422628	2809532.2	68718199	6776734.8	84028457	32015669	6395326.8	22603755	2697382.9	35550935	30365687	41843828	16905574	17873797	44901221	19886777	20632830	21548896	33200360	66594818	75841750	20802330	26829685	11384116	14706478	42801822	7163772.8	8184360.9	21581182	9103290.9	17329858	48282869	17660373
SM (36:2)	16143637	20968172	48074926	34884238	24859811	23345601	57205769	1.028821e+08	48321884	28178312	7255625.1	96009001	56705468	16846439	22229734	39402546	25731116	78715958	67257306	78171467	9044660.2	67326991	47152757	76891870	73366326	73809364	64094985	98997748	74511726	62185818	1.0446099e+08	1.1340421e+08	86262164	2.5292774e+08	1.4418687e+08	84377497	1.1545088e+08	59090163	1.1904046e+08	1.5011379e+08	88459621	2.1925977e+08	1.3414132e+08	29783561	1.4115955e+08	59372842	96686154	82345903	50379825	44535611	30009636	1.665944e+08	52146419	40726909	55885408	58926660	52193625	79750063	65928757	36454847	44306648	5.8538126e+08	70104020	56513750	48213256	47208444	82328416	65760011	27788211	41782278	58321772	76288711	57619003	71758228	55278504
S-Methylthioadenosine	62910918	65640536	71026862	45707898	53686676	75734842	40875967	64984915	67495514	66026117	68656940	51026230	23053978	26727888	60163487	35582778	63478458	66919969	17907366	42087644	96452169	84367367	68449160	57426337	1.0570882e+08	65743273	54783467	73227567	46303665	64204340	80178877	52668541	54784369	42464669	54667302	68463586	1.1400844e+08	88996702	71135380	38475190	67518714	27754636	44701428	35650415	37646452	56110900	37853884	31090397	67258656	43306153	23298898	32837079	99722674	87029882	66789364	81545482	59830772	59777336	86022900	19967629	47832830	5362389.4	48631095	76226112	1.0628923e+08	59439293	39801185	34020815	60518309	52178763	38088911	10812600	46815550	24772949	56561164
Sorbitol	296335.58	47457.958	48285.781	115596.53	20681.278	155974.69	35387.689	200052.35	47230.311	48014.244	125551.2	64699.067	76823.292	57044.492	20999.587	37499.472	44618.688	154375.43	83721.816	55209.913	20148.586	37718.67	67496.999	37474.988	143511.38	66529.676	126178.06	62948.837	18068.384	109272.41	120102.75	78995.406	95461.35	49857.377	135128.81	86466.746	111568.02	57236.946	94858.842	78853.123	384173.79	223718.35	288681.27	39878.645	121867.91	56139.169	220108.55	77268.807	57315.533	47410.853	76988.927	77428.957	70106.497	138931.88	76604.357	33307.544	148436.37	37631.06	347090.01	32660.991	146674.49	190033.3	558024.2	326519.29	180342.86	63993.353	71073.742	204307.36	18989.361	142255.54	144125.38	138652.82	35334.283	70071.957	71309.628
Sphinganine	6950589.8	4845508.5	13837902	16863130	9768603	12472697	13095665	19352767	17146707	10270689	6445970.6	16051940	21415378	21367350	8285770.2	12389493	6366484	9185376.6	11726184	11827345	7482637.2	13230549	15166166	20243314	11558972	17036250	33521943	28193230	19930046	21183207	14355503	9948208.7	15527410	13962663	13290253	17519279	21194794	18361870	12412544	19151096	13641060	22677960	17545175	3803904.6	18152545	8506096.1	22033876	11958283	8013997.5	12635503	6923316.7	10838920	19907897	18247460	18513660	9098834.5	31012210	13816720	9068932.8	15452379	20502774	36240870	25697686	6455199.1	11927980	10997200	21481411	30657379	12722355	6272884.5	13376627	22926973	19868376	14813994	7660091.1
Sphingosine	42399002	26188058	51667041	44510920	36599103	67669943	44847474	83226592	58332288	39913479	25764991	69795034	61688104	57909595	78870920	57771584	47855420	68791339	49007241	67146409	34193514	82001611	93391832	89518822	68858238	86631653	81871364	1.0690715e+08	84188980	86934588	73601747	38394411	75831452	57870491	60270508	76059236	97057499	1.0661743e+08	76201173	44335356	87539979	65402925	52524869	24757283	74586323	29165575	68946387	29466785	50247848	90968135	30648897	38559990	67117907	66139825	69007498	58300572	1.4851029e+08	80402989	64974957	38274483	94961282	51058106	83881691	67473410	1.4111996e+08	1.0848476e+08	93463310	1.5141743e+08	61451222	1.0283953e+08	71573841	98133429	1.2098632e+08	79786304	67572871
Stachydrine	2.5535318e+08	22896640	1.6723902e+09	7.0943574e+08	1.3929935e+08	1.5076566e+08	8.30595e+08	13614717	24159317	3.0856723e+09	4.0367606e+08	42363065	2.1940911e+09	1.7800657e+08	1.1574168e+09	1.0253623e+08	4.5470433e+09	6.5961919e+08	1.241401e+09	60593784	3.8164513e+08	4.0312114e+08	1.046288e+08	1.0007778e+10	2.1066608e+09	5.2475805e+08	5.8813334e+08	2.950738e+08	1.1476054e+09	5.800051e+08	1.5702029e+09	4.9152462e+08	1.0794503e+09	1.2942354e+08	1.7343884e+09	2.09265e+09	1.5666087e+09	2.9577747e+08	25693866	11291151	4.2049379e+08	54939383	6.6645055e+08	1.8066534e+08	1.2559822e+09	7.1521635e+08	2.9908482e+09	50082052	1.2379672e+09	6.1930207e+08	2007337.7	2.1149695e+09	1.3710585e+09	16867547	53129157	1.0182098e+08	2005924.5	1.7387014e+09	24817032	2.2120969e+08	68558572	94347270	19998729	30038008	3043336.1	2.1432392e+08	49015239	1760242.7	8.6614473e+08	1.2796437e+08	1.1063617e+08	44440241	1.7921242e+08	4.0587302e+08	1452708.3
Taurine	1.1779939e+10	7.982583e+09	1.0920619e+10	9.6070803e+09	1.0197708e+10	1.5111754e+10	7.8801867e+09	1.4895191e+10	1.3198148e+10	1.2575083e+10	8.930015e+09	1.2884056e+10	1.352941e+10	1.2954818e+10	1.3705641e+10	1.2887383e+10	1.0435453e+10	1.0701398e+10	1.1564489e+10	1.0066054e+10	1.0424034e+10	9.2970979e+09	9.4323826e+09	1.3004237e+10	1.3721377e+10	8.4705389e+09	9.2492615e+09	1.1072513e+10	6.8685001e+09	1.6175872e+10	1.1586204e+10	5.1497543e+09	1.2230645e+10	9.0734692e+09	1.2801634e+10	1.2705339e+10	1.1441541e+10	1.3211551e+10	7.5973965e+09	8.867538e+09	1.0354177e+10	1.2057031e+10	1.4543162e+10	5.7051468e+09	1.4383562e+10	9.5221692e+09	1.2375956e+10	1.1204702e+10	1.0267955e+10	9.2783138e+09	1.0428548e+10	9.6841299e+09	1.4763398e+10	1.5440221e+10	1.0964218e+10	1.5029384e+10	8.7400521e+09	1.3651295e+10	1.2144566e+10	7.7305891e+09	8.4057261e+09	6.6287115e+09	1.2921846e+10	1.4825452e+10	1.2460922e+10	1.2294502e+10	9.7330672e+09	6.614156e+09	8.943112e+09	1.1029934e+10	1.0808778e+10	1.1543589e+10	1.1079018e+10	1.041954e+10	8.7040069e+09
Taurocyamine	2481747.9	2555920.5	6232239.5	14139427	5489623	5084553.5	2028659	5744603.4	4630662.1	5554498.5	4734717.9	4098114.2	7429167	7813508.7	18155101	4811628.1	3196066.5	8298048.6	2478702.4	2474715.5	4931647.2	7138523.8	4780233.4	21615797	3720421	3282462	2589866.6	5948922.9	15048957	7058684	5496823	2976084.3	5640224.5	1846048.8	6771388.8	19851696	7772959.9	4378295.5	1917108.8	2979817.9	4389994.8	2928189.6	13063164	5240134.8	3285701	2283976.6	6995417.6	3460016.9	1954201.6	4259571.1	1413025.5	6393935.6	13137654	5623103.1	21973595	6666990.3	6897985.8	8194572.2	13166604	15162491	46398742	637415.14	14079992	23829568	12168916	14185691	11735170	3782182.4	10466471	28876748	34989989	5333496.5	17855189	3877214	2855482.6
Thioproline	9437224.8	52682428	16697280	9505662.9	19098857	7834881.2	9256151.3	2937957.2	3445042.1	21011203	1.2462244e+08	5644466	7560150.4	9179928.3	21827625	10256481	23085861	15873501	3602809.7	4552440.2	72084259	13563161	14557106	6905804.4	8059217	5623027.8	6057243.2	1999564.5	4800847.1	3841305.1	3249184.5	4116350.8	1361044.6	7398292.8	4516393.8	2379777	3758515.2	7025651.5	18584725	2822677.1	12329064	3790557.8	1072843.1	3912982.4	1374056.4	6583210.1	409116.91	2236007.3	6273537.7	1455376.4	1585113.9	1605961.1	1823850.8	1887675.6	6687754.3	4277748.6	709683.45	1359112.9	4129590.6	781666.18	895385.53	857410.66	139901.48	1546600.1	955057.32	1397730.2	2257053.1	1921990.3	2064403.4	950887.39	3219559.5	5770967.6	1722277.9	803957.64	5718872.6
Thr-Arg	36147923	91299.126	1263211.6	1892967	2129104.6	5990089.4	21057889	5464628.9	4775843.6	1534962.1	509014.25	2866634.6	1410346	1625181.7	3214673.7	2076049.2	3099912.4	1251354.9	1010625.1	3337360.8	1669445.5	3119334.4	3511337.7	4561562.3	6465424.7	5366733.2	4978234.3	6140494.8	761882.87	5568663.4	3236166.5	11695850	6889695.2	3615182.8	4883273.4	2743331	2537510.8	2376211.1	3222804.1	3009061.4	2750859.6	7761977.4	8875311.6	2529810.3	8810533.8	4497657.9	3742615.1	3357001.7	4788044.6	5920505.7	1922647.3	2027991.2	4771689.3	1947166.2	7488867.8	1565129.2	3819060.4	4148024.7	2105466.3	1971877.9	1404527.7	375890.33	2235036.1	3852802.6	2805759.8	2119974.1	1859075.1	1530149.1	3713413.8	2246585.5	3142098.3	1960898.5	2332469.8	2997567.5	14607956
Threonate	4.7140481e+08	4.1818695e+08	8.0482116e+08	6.704588e+08	9.4019243e+08	1.2343275e+09	4.2387924e+08	6.8986636e+08	7.5713584e+08	1.4165893e+09	5.145903e+08	8.4571697e+08	1.3904128e+09	9.4379665e+08	9.935923e+08	1.0911091e+09	8.1578496e+08	1.2309649e+09	1.5700186e+09	2.3296971e+08	9.3616274e+08	6.0464567e+08	3.2692324e+08	8.0944177e+08	7.0487066e+08	3.8121276e+08	6.6110772e+08	8.5723561e+08	3.1411961e+08	5.3754823e+08	6.2458515e+08	3.1419312e+08	6.0136661e+08	5.1546978e+08	8.4827209e+08	5.6622405e+08	6.5505752e+08	5.8890584e+08	6.8404953e+08	5.6191579e+08	8.5199564e+08	6.5842386e+08	7.8406137e+08	3.4504772e+08	4.2007203e+08	7.5241666e+08	4.3899316e+08	1.2030456e+09	1.1171988e+09	3.8279834e+08	4.5497895e+08	5.3233169e+08	4.7555472e+08	4.9869551e+08	4.5737604e+08	4.4132021e+08	4.3916063e+08	4.8480014e+08	7.3644033e+08	4.9732507e+08	6.5434901e+08	2.8066822e+08	2.1374747e+08	3.6690015e+08	5.0956634e+08	7.4066524e+08	6.7783e+08	1.3178581e+09	4.4404881e+08	4.6288635e+08	9.4562159e+08	6.1739813e+08	4.9863196e+08	4.1600824e+08	6.7469746e+08
Threonine	2.8933714e+08	5.0477551e+08	2.0903726e+08	1.9510212e+08	1.9602832e+08	1.6575739e+08	1.5492269e+08	2.3207891e+08	2.0317018e+08	1.6177734e+08	5.5804085e+08	2.4981464e+08	1.9466097e+08	1.4895965e+08	2.4757092e+08	1.6284023e+08	1.6537527e+08	1.5197736e+08	98392288	62285513	77997121	1.4529751e+08	79927352	4.3481884e+08	2.507472e+08	93147465	1.3031642e+08	2.4726299e+08	54986868	2.2635776e+08	2.0042876e+08	76573120	2.7589846e+08	99033573	1.6292996e+08	1.8246733e+08	2.2499011e+08	2.5114629e+08	1.0080444e+08	1.5469545e+08	1.8683437e+08	1.5336159e+08	2.2011575e+08	96820608	2.6410598e+08	82833640	3.9866428e+08	2.3883648e+08	1.5329981e+08	2.2968111e+08	79249288	1.0237898e+08	3.2527476e+08	3.7169454e+08	2.5050833e+08	2.4863825e+08	1.8879454e+08	1.3617205e+08	1.7707102e+08	1.3886418e+08	1.1053619e+08	56520447	2.1378674e+08	2.300519e+08	3.3929177e+08	2.1491554e+08	1.9225268e+08	2.261253e+08	1.2853323e+08	2.2580257e+08	3.7201935e+08	1.4486295e+08	1.0125833e+08	1.125846e+08	2.241775e+08
trans-Aconitate	82885972	1.0245517e+08	91149516	88592816	1.3669384e+08	1.2228916e+08	70937819	1.5178592e+08	1.0896577e+08	1.241865e+08	1.4046003e+08	1.2846479e+08	1.2014968e+08	96063977	1.2138852e+08	1.3255385e+08	1.1461301e+08	83978340	95770481	45933317	1.6715527e+08	39220252	71401013	1.005123e+08	85664747	99964827	60351933	56323223	79941232	75298337	95317525	33189985	68982776	62966244	67927330	1.1850054e+08	54962617	1.5708607e+08	53906268	92719565	91996124	67708495	1.0752554e+08	52360880	1.1850403e+08	1.0831154e+08	97757995	1.2262579e+08	1.0076479e+08	76883833	98488657	74825881	1.2469314e+08	87361383	1.0763762e+08	72089462	91504442	47152815	95958762	80314011	39970157	39006461	74171092	95038163	1.2386873e+08	56778731	78333824	73469136	1.1859625e+08	1.0231476e+08	1.120088e+08	60873694	67766731	1.1181168e+08	47886031
Trigonelline	10358144	24835121	88032993	12009934	78828169	23801838	6903133.1	22238896	62542831	94154252	32574333	28772106	80232649	1.2872453e+08	1.3076681e+08	1.0152669e+08	98840872	47331634	91192331	71081293	91644851	67075158	77448681	29065780	26168827	89092554	36364772	26827818	63128330	23734291	22257904	35958965	22058125	52473882	30510928	21225653	22121890	32780207	68550538	23535308	85335124	36802551	18072772	52252296	27723510	90434491	28340047	44613466	67355628	23175961	97317218	30995068	34354312	32176319	56402877	39135657	22539115	1.1660484e+08	23417386	15325194	17996890	32223036	21418022	27717386	21226728	21766411	55524228	17506046	77178071	22332103	21509640	1.0105267e+08	81885984	23755348	21684553
Tryptophan	46507718	2.0192257e+08	51841444	44176648	71538057	59595595	32624422	50508529	59589515	51928913	3.2026191e+08	43822407	75725814	73099685	1.1508357e+08	62916370	66769243	40904168	57650231	41446330	1.5236448e+08	42474199	52587532	97972262	47443903	50561280	46260741	36122420	21754934	60159571	40090006	33368551	60747074	27420919	37049269	41158708	37038158	81126929	43202230	35708772	60797130	36424395	29525271	30378530	43580346	47496183	59747990	81444236	90001248	66502140	53658816	41991808	80724346	68277649	74564410	92530875	48594126	41835673	1.0166144e+08	30293690	42227750	42973513	29719313	54121404	57538323	72699640	30911344	30430664	49005705	49671034	49918298	30469773	37771327	32313912	24482319
Tyr-Arg	996874.91	437833.09	550288.59	1022884.9	684712.06	723919.86	1092006.9	1300449.3	1141548.7	928384.03	266831.53	816177.52	553611.58	614257.38	1091227.3	788013.78	1066310.5	495125.28	379162.97	1218414.3	1735083.2	1091818.6	10715580	1723419.3	1785570.4	1635677	1394185.9	1122956	490007.69	1092167.4	1458006.5	3562074.9	1077102	1218261.2	1674675.1	501364.74	1184805.8	626388.71	1433467.9	1004753.7	1241001.8	2158333.4	1836798.5	841402	850538.17	1551424.2	390078.54	1405779.6	1769757.7	823621.05	1173908.1	518617.91	437186	129416.5	1817990.8	1022373.8	3381654.1	600623.84	2424959.4	738895.21	400101.67	2472245.8	38854.37	687285.99	318461.06	555749.81	551722.87	857147.04	525976.95	589986.25	886047.96	2321243.5	487446.62	260686.84	1913421.5
Tyrosine	1.4717872e+08	4.6485653e+08	1.472582e+08	2.0629873e+08	1.2124043e+08	1.1869992e+08	1.0176306e+08	1.0085954e+08	1.1287624e+08	1.1867783e+08	7.1190614e+08	75625544	1.2993548e+08	3.6857764e+08	1.4613743e+08	1.0206922e+08	1.8248924e+08	70372204	1.8435013e+08	1.1964704e+08	1.7785261e+08	1.8324025e+08	1.0555175e+08	1.5668061e+08	59927888	1.5465852e+08	1.0854968e+08	66589666	93690762	84640909	61498027	48191954	1.1276087e+08	1.2604762e+08	66531453	79748393	58450162	89468790	1.074235e+08	77609205	1.7037016e+08	1.5630037e+08	69048351	2.1485462e+08	86345459	2.0550408e+08	1.3006375e+08	1.5394964e+08	1.3318965e+08	1.024574e+08	2.2788987e+08	74375261	1.0202426e+08	93836446	80221583	78758347	88585656	1.6247934e+08	84495062	95533392	71269109	2.1984486e+08	56612650	87452001	80249286	61595910	1.2731384e+08	1.367008e+08	1.0155101e+08	45095029	90839163	1.011664e+08	1.1556993e+08	54557122	99886232
UDP-D-galacturonate	399322.55	229574.63	263966.65	382033.6	245098.17	320479.18	187752.3	1392984.6	781941.49	277334.41	502234.52	820773.06	303206.01	588382.62	528925.34	337551.61	413804.72	322876.47	325149.07	1218140	213179.01	1096635.9	738096.9	451511.68	525898.95	700430.41	1239066.7	845323.66	670361.45	1234893.5	1367158.1	135976.52	555920.32	209707.37	583712.8	1444625.5	1094797.5	750761.59	667698.34	676574.02	306586.56	350958.86	845115.98	432321.7	1390529.7	366120.98	595962.91	197339.06	110060.62	158995.73	601394.13	284790.61	518241.75	1564200.4	590893.43	667392.58	865838.44	1022301.8	830437.61	356240.34	230721.06	56288.064	1863918.6	1300869.6	856727.37	318515.03	804213.92	184465.41	134918.71	365445.55	508308.49	330072.32	246382.78	890924.27	114432.23
UDP-glucose	1.59947e+08	1.2197018e+08	2.1207585e+08	1.0066622e+08	1.4335222e+08	2.2230843e+08	76269095	1.9094418e+08	2.0011307e+08	2.0013725e+08	1.5624653e+08	1.6085091e+08	2.567952e+08	2.7293017e+08	2.2112785e+08	2.482327e+08	1.8243945e+08	1.3040788e+08	1.8604171e+08	1.9248291e+08	1.9965527e+08	1.6110229e+08	1.1626173e+08	2.7261489e+08	1.2522747e+08	1.07892e+08	1.1678975e+08	1.4170158e+08	1.6208363e+08	1.9141658e+08	1.7368718e+08	62568017	1.4084246e+08	1.1894584e+08	1.480342e+08	1.5530288e+08	1.6653853e+08	2.0060847e+08	1.2746263e+08	1.2922499e+08	1.7890375e+08	1.6210071e+08	1.5948173e+08	1.7821487e+08	1.6378557e+08	1.675264e+08	2.2508259e+08	1.5285849e+08	1.4551138e+08	1.5125086e+08	2.5791239e+08	1.359482e+08	2.8425056e+08	2.5222351e+08	1.8376639e+08	2.9028007e+08	2.0312414e+08	3.0562346e+08	1.7635411e+08	1.4044259e+08	1.9137191e+08	75291685	1.7292073e+08	1.9049339e+08	2.1569923e+08	2.0618995e+08	1.8421976e+08	1.2396546e+08	2.5293238e+08	2.8891859e+08	1.3181106e+08	3.3136327e+08	2.6123571e+08	1.953852e+08	93989950
UDP-N-acetylglucosamine	2.0102714e+08	1.4757703e+08	2.0170868e+08	1.7459141e+08	1.6824579e+08	3.0500816e+08	1.3542566e+08	1.6999529e+08	2.0891396e+08	1.9160983e+08	1.7348962e+08	2.2633004e+08	2.8764972e+08	2.3042153e+08	2.830027e+08	2.3309274e+08	1.6744554e+08	1.055573e+08	1.964249e+08	1.2816569e+08	2.3623113e+08	1.2939295e+08	1.1140371e+08	2.2339041e+08	1.674311e+08	1.4673954e+08	98098817	1.6859659e+08	1.0586911e+08	1.7918508e+08	1.8230116e+08	62315701	2.047161e+08	1.3900696e+08	1.626668e+08	1.5583857e+08	1.6328894e+08	2.6322821e+08	1.0985069e+08	1.0239404e+08	2.0541086e+08	1.6066528e+08	1.2543536e+08	82533101	1.9083607e+08	1.5360986e+08	2.2953686e+08	2.4030191e+08	1.7752841e+08	1.9584269e+08	1.4782358e+08	99875863	2.2996398e+08	2.4317783e+08	1.3205753e+08	2.7417132e+08	2.5194925e+08	2.6216842e+08	1.7491924e+08	1.2086794e+08	1.3940597e+08	74929674	1.7993998e+08	1.7887185e+08	1.7060444e+08	1.6632357e+08	1.3253156e+08	1.5291812e+08	2.3773176e+08	1.969597e+08	1.2097521e+08	2.2712632e+08	1.9741917e+08	2.1757539e+08	1.4241856e+08
Uracil	8103315.6	1877918.8	1219564.3	1795270.2	610474.47	15633454	1984531.2	3597022.3	1651050.9	1115593.6	1397885.3	1268129.1	1042047.7	3320299.8	1698747.6	1463885.2	1645626.8	2445858.9	7256426.7	2203396.8	54815154	13700807	2282827.4	6471581.9	11698386	8561289.6	3304257.1	2901162.3	3157427.2	3168310.8	3544586.1	12125989	24382592	21288707	11501820	1058425.9	4394096.1	23573102	12192103	2016687.5	34356724	5409001.5	3762288.8	18088241	4291999.2	40081176	5361970.9	19200050	17695007	14361234	5144576.7	4161587.8	11033512	2985344.3	4873493.9	1369354.5	5464438.9	3865780.7	3598907.2	8733035.1	3441292	8344254.3	1500779.8	3292404.9	4158572.8	1440583.1	3032372.1	11738251	1001909.3	23707457	3950241.7	2687237.6	3594116.9	3790331.8	3965762.6
Urate	15231303	3.5534012e+08	2.2327875e+08	77473407	1.7342547e+08	1.4678481e+08	24493992	30001451	88132957	4.1300998e+08	7.533287e+08	1.5350326e+08	1.5136197e+08	2.5014629e+08	1.2032984e+08	79749681	2.9079925e+08	5.1432114e+08	3.8012462e+08	57716458	50527634	61774056	2.29854e+08	20519991	3.3945097e+08	26198873	70709045	82565489	35621068	1.7148821e+08	14176942	1.0044284e+08	40220205	97700563	1.1657769e+08	96845409	38616309	44108187	35385919	27398523	16311023	1.8823229e+08	65856181	1.1125988e+09	22947102	47389598	51045530	19242546	25218852	35339968	71210240	1.3188189e+08	46084451	63709385	7717132.9	1.4925756e+08	57953182	1.1104675e+08	77459504	17308397	1.5902554e+08	22816275	83867642	25599925	64521041	86168319	53713735	2.0870594e+08	27890014	2.9641093e+08	67159189	1.1142194e+08	76175312	1.1582864e+08	1.3241271e+08
Uridine	6785307.1	8131958.7	2708293.7	1737989.1	1884525.2	4938351.4	2320488.4	1827588.6	2664370.2	2206159.2	17270075	1956155.3	2969167.3	3566757	2569317.8	2648035.3	2343142	1385612.4	1590888.6	1880386.1	7820104.4	1967006.6	3263803.5	1874673.1	2248105	1761211.4	2649805	1191834.2	1843424.6	2213940.8	1354566.1	1497940.5	1286319.3	1274214.1	1286384.4	2731122.3	2371436.6	1769538.1	3128576.8	1074437.1	5316692.8	1176153.6	1617424.3	1001996.1	1549660.2	2520865.2	905800.46	1447195.4	1657450.3	1262031.2	2843576.5	1184916.1	1854294.2	3633601.7	1610396.8	2587716	4911687	2898602	4264701.8	1739373.4	2522671.1	1079110.6	2129422.6	3390894.8	4217585.8	2607010.7	1765180.2	4037043.4	2009106.3	2684142.7	2558191.2	2290659.5	2718721	2692322.9	2544072.2
Uridine diphosphate	74840370	17732962	18718812	16989578	20880480	12474238	32479911	9646206.9	13642412	14675736	14024103	22320581	9904669.1	21631763	18248545	13975558	22930691	8184216.8	7938773.3	19442238	28403296	18772405	22523203	9585382.5	10546129	16800755	14161635	10188139	17683258	7960888.9	12005175	6255547.1	5783962.5	9082957.8	5762510.4	15568839	9134151.7	12623380	19113493	15951963	15848874	6278359.6	7516250.4	10741721	6992284.7	18420216	11343483	9317304.4	7829110.4	6691390.7	21878215	9497247.9	14531490	11673854	19423954	16484731	15746494	16786049	15237063	8387937.6	5746776.8	2675582.2	12836371	12744051	19097658	5440728.6	13268759	10209395	13230549	20556142	6737465.9	17919173	16491666	19496561	30275458
Uridine monophosphate	43573682	1389956.3	1294031.2	1942212.1	1811813.3	1688832.2	5482884.9	2050771.1	1302108.6	1139827	1032044.7	1830053	1417301	1210039.9	1223881	1420206.3	1284205.1	635692.66	756475.45	1539076.2	1982874.8	1771295.3	2769199.1	1420191.2	2244258.5	989873.8	2454804.8	2411347	1404637.9	1605912.7	1746142.5	1131875	1216832.7	1093961.8	1162206	1644470.3	3575821.8	1279150.9	2207726	1876999.5	2094351.4	1072640.8	3221733	768095.03	1703518.1	1450869.5	2072233.9	1631101.4	884257.39	1642411.8	1677928.3	1631836.3	1831225.6	1751437.5	1816219.7	2148891.7	5427922.7	2778313.4	2347041.8	1880257.7	2431153.2	1349615.6	2624487.4	1924414	3279152.6	2580825	5075927.7	3493014.5	1889446.6	3115718.4	2293750.6	1768796.8	4305638.5	4521891.8	16145015
Uridine triphosphate	35611665	61410810	36918896	26763911	46388668	41918063	31662257	29430934	37779770	44785680	79077716	39406010	28415231	75939835	82753010	48951058	54938765	30017159	32983402	30658933	1.0885744e+08	35022182	28933693	25186731	18775478	33484218	18456432	23414061	44659961	24568206	33331571	15398164	14657447	14785058	12553534	39053900	33295498	34541715	37181120	23385398	34105758	13230549	20130490	19392193	21981669	43172032	21919030	14935761	20359872	15776064	47745240	15939299	36735226	36365687	28689613	44929577	36719257	34927662	37716027	21214183	10057232	627585.24	12814743	34847575	36039681	13123349	32594681	17820481	16016157	31922260	21518005	21347652	10524491	24206571	7665899.4
Valine	1.3112932e+08	5.2495444e+08	98497906	84771395	1.4952671e+08	1.1108906e+08	1.0520091e+08	48231382	55845854	1.1919486e+08	7.7069308e+08	45173648	1.3326421e+08	1.205253e+08	99896374	82636356	1.1628869e+08	1.0002216e+08	1.3340492e+08	46267062	1.3278661e+08	48440948	64816954	1.0902902e+08	42667296	55248351	40989166	58449576	50332142	69705585	53769127	47287850	1.2504081e+08	53894411	38207868	67268693	52189889	84408706	58483809	41476642	1.0332697e+08	47860496	52386182	40852270	75614403	72238555	71747004	1.1964708e+08	85362215	95077992	71703430	33116900	1.3834184e+08	89094598	54905269	97192663	76907620	45307171	61539113	76520316	68803193	55212284	39401833	1.0222259e+08	87216046	73200878	45203312	53931632	1.1464072e+08	59580223	61393682	64315196	47432888	48451584	72897054
Val-Lys	27823968	27008468	16757560	20350560	37733650	24856227	17059615	13513229	17959513	38838262	35855015	14305218	25942906	38294531	27719170	60279853	29336701	14821520	51730322	20783663	69481474	14771996	21181500	21345972	21323768	14133208	16852392	25447286	43531322	13230549	15458265	14759856	17491695	14056207	10542806	11781300	13999568	19702449	26749128	18448626	30885364	10553559	14541993	1.9105297e+08	17148987	18400905	15767541	16314185	16075660	12834971	50385081	9485059.1	41401156	26973886	11967436	26425592	25284884	23844463	17349971	19693188	23044166	14832001	13162268	19603223	24524493	17896192	20913982	34872555	32436695	49890730	15489245	22522984	28380400	19188801	13631685
Xanthine	687359.13	7252389.6	542636.95	594626.82	606841.19	1393642.2	490461.52	328206.59	483828.79	578934.29	10424269	465441.47	659270.58	2394616.3	434824.62	1195189.8	455576.21	1023278.3	719842.61	282964.69	46284.053	201251.55	643863.61	226048.85	654074.66	259752.7	2008736.3	641005.81	204579.42	531666	834660.47	752470.29	111293.91	431261.07	541038.75	1026215.4	869304.52	237831.29	151956.44	1397182.5	518099.53	945370.69	619136.3	122032.28	588736.66	175826.82	469741.17	548293.28	729006.1	365720.35	133583.03	198586.12	1355596.7	1100542.1	367711.95	811978.19	533928.34	328618.42	214284.09	16480578	819865.12	426485.42	1933716.4	444765.9	531821.38	709646.06	208268.23	395532.98	640762.01	808170.84	817304.78	73080.197	506838.76	744542.07	831770.47
